temperature_2m_max,temperature_2m_min,precipitation_sum,wind_speed_10m_max,relative_humidity_2m_mean,date,frost_day,heat_day,severe_heat_day,dry_day,dry_streak,strong_wind_day,dust_storm_risk,rainy_day,continuous_rain_streak
31.4,16.4,0.0,20.9,24,2023-06-08,False,False,False,True,1,True,True,False,0
33.0,17.5,0.0,22.4,21,2023-06-09,False,False,False,True,2,True,True,False,0
33.0,16.0,0.0,18.4,25,2023-06-10,False,False,False,True,3,True,True,False,0
32.0,19.0,0.0,21.5,25,2023-06-11,False,False,False,True,4,True,True,False,0
29.6,16.4,0.0,17.6,23,2023-06-12,False,False,False,True,5,True,True,False,0
31.4,15.7,0.0,13.1,22,2023-06-13,False,False,False,True,6,False,False,False,0
34.4,16.2,0.0,18.5,22,2023-06-14,False,False,False,True,7,True,True,False,0
33.8,19.8,0.0,27.1,26,2023-06-15,False,False,False,True,8,True,True,False,0
31.4,21.1,0.0,29.9,38,2023-06-16,False,False,False,True,9,True,False,False,0
29.8,18.9,0.0,17.1,45,2023-06-17,False,False,False,True,10,True,False,False,0
21.8,16.4,9.1,12.3,80,2023-06-18,False,False,False,False,1,False,False,True,2
33.1,15.1,0.0,19.1,49,2023-06-19,False,False,False,True,2,True,False,False,0
31.6,18.1,0.0,16.9,33,2023-06-20,False,False,False,True,3,False,False,False,0
34.3,17.8,0.0,12.9,31,2023-06-21,False,False,False,True,4,False,False,False,0
35.3,19.6,0.0,16.6,25,2023-06-22,False,True,False,True,5,False,True,False,0
34.9,21.5,0.0,23.5,31,2023-06-23,False,False,False,True,6,True,False,False,0
29.5,20.4,1.6,23.3,44,2023-06-24,False,False,False,False,1,True,False,True,2
30.8,18.1,0.2,21.5,48,2023-06-25,False,False,False,True,2,True,False,False,0
32.8,17.5,0.0,11.5,42,2023-06-26,False,False,False,True,3,False,False,False,0
32.1,19.6,0.0,33.3,38,2023-06-27,False,False,False,True,4,True,False,False,0
31.1,17.9,0.0,14.8,45,2023-06-28,False,False,False,True,5,False,False,False,0
33.8,16.8,0.0,14.0,33,2023-06-29,False,False,False,True,6,False,False,False,0
36.5,19.3,0.0,24.2,29,2023-06-30,False,True,False,True,7,True,True,False,0
33.3,23.0,0.0,14.7,34,2023-07-01,False,False,False,True,8,False,False,False,0
33.8,20.3,10.7,16.2,49,2023-07-02,False,False,False,False,1,False,False,True,2
24.0,16.5,7.8,15.0,71,2023-07-03,False,False,False,False,1,False,False,True,3
30.5,16.1,0.0,15.6,41,2023-07-04,False,False,False,True,2,False,False,False,0
34.0,15.4,0.0,16.1,42,2023-07-05,False,False,False,True,3,False,False,False,0
34.5,18.4,0.0,16.9,31,2023-07-06,False,False,False,True,4,False,False,False,0
32.9,17.8,0.0,18.9,33,2023-07-07,False,False,False,True,5,True,False,False,0
34.4,18.0,0.0,19.0,37,2023-07-08,False,False,False,True,6,True,False,False,0
35.7,19.3,0.0,12.6,33,2023-07-09,False,True,False,True,7,False,False,False,0
33.1,24.2,0.1,27.1,38,2023-07-10,False,False,False,True,8,True,False,False,0
28.7,20.4,9.8,20.3,67,2023-07-11,False,False,False,False,1,True,False,True,2
26.5,17.7,2.9,15.3,73,2023-07-12,False,False,False,False,1,False,False,True,3
27.7,16.8,0.4,18.2,56,2023-07-13,False,False,False,True,2,True,False,False,0
27.3,17.3,0.0,22.0,48,2023-07-14,False,False,False,True,3,True,False,False,0
31.4,16.6,0.0,15.5,50,2023-07-15,False,False,False,True,4,False,False,False,0
31.6,15.5,0.0,12.0,42,2023-07-16,False,False,False,True,5,False,False,False,0
33.7,16.9,0.0,14.0,43,2023-07-17,False,False,False,True,6,False,False,False,0
33.6,20.2,0.0,14.2,41,2023-07-18,False,False,False,True,7,False,False,False,0
32.1,19.9,0.0,17.0,45,2023-07-19,False,False,False,True,8,True,False,False,0
30.2,20.1,0.8,20.5,50,2023-07-20,False,False,False,True,9,True,False,False,0
28.8,17.4,0.0,11.9,53,2023-07-21,False,False,False,True,10,False,False,False,0
31.8,16.6,0.0,11.0,49,2023-07-22,False,False,False,True,11,False,False,False,0
34.1,18.6,0.0,15.6,42,2023-07-23,False,False,False,True,12,False,False,False,0
33.0,19.3,0.0,11.8,47,2023-07-24,False,False,False,True,13,False,False,False,0
35.4,20.4,0.0,10.9,50,2023-07-25,False,True,False,True,14,False,False,False,0
32.0,22.9,0.1,18.7,51,2023-07-26,False,False,False,True,15,True,False,False,0
27.8,18.9,2.9,12.7,68,2023-07-27,False,False,False,False,1,False,False,True,2
30.5,18.5,0.0,16.6,61,2023-07-28,False,False,False,True,2,False,False,False,0
29.8,19.0,2.0,15.9,63,2023-07-29,False,False,False,False,1,False,False,True,2
31.5,19.7,0.1,11.0,59,2023-07-30,False,False,False,True,2,False,False,False,0
31.9,20.7,0.0,16.2,58,2023-07-31,False,False,False,True,3,False,False,False,0
34.3,22.5,0.3,19.0,58,2023-08-01,False,False,False,True,4,True,False,False,0
35.8,22.4,0.0,10.8,52,2023-08-02,False,True,False,True,5,False,False,False,0
33.4,24.7,1.5,19.2,52,2023-08-03,False,False,False,False,1,True,False,True,2
29.7,22.5,0.4,20.7,52,2023-08-04,False,False,False,True,2,True,False,False,0
32.9,19.8,0.0,11.7,55,2023-08-05,False,False,False,True,3,False,False,False,0
31.6,22.7,0.0,18.3,46,2023-08-06,False,False,False,True,4,True,False,False,0
34.8,21.2,0.0,24.0,47,2023-08-07,False,False,False,True,5,True,False,False,0
33.9,20.4,0.0,23.4,57,2023-08-08,False,False,False,True,6,True,False,False,0
33.5,22.6,3.4,16.3,57,2023-08-09,False,False,False,False,1,False,False,True,2
33.3,23.1,0.1,14.2,62,2023-08-10,False,False,False,True,2,False,False,False,0
27.2,19.3,6.3,22.1,67,2023-08-11,False,False,False,False,1,True,False,True,2
33.0,16.7,0.0,16.6,57,2023-08-12,False,False,False,True,2,False,False,False,0
34.0,19.2,0.0,12.0,49,2023-08-13,False,False,False,True,3,False,False,False,0
32.8,21.9,0.0,10.1,47,2023-08-14,False,False,False,True,4,False,False,False,0
34.9,22.8,0.0,16.4,48,2023-08-15,False,False,False,True,5,False,False,False,0
33.8,22.5,0.4,15.2,45,2023-08-16,False,False,False,True,6,False,False,False,0
27.6,19.4,0.2,16.9,46,2023-08-17,False,False,False,True,7,False,False,False,0
31.7,15.3,0.0,11.8,37,2023-08-18,False,False,False,True,8,False,False,False,0
32.3,19.8,0.0,12.3,31,2023-08-19,False,False,False,True,9,False,False,False,0
32.3,18.7,0.0,17.2,38,2023-08-20,False,False,False,True,10,True,False,False,0
31.9,17.8,0.0,18.9,30,2023-08-21,False,False,False,True,11,True,True,False,0
32.4,16.4,0.0,19.2,27,2023-08-22,False,False,False,True,12,True,True,False,0
27.9,16.5,0.5,27.0,34,2023-08-23,False,False,False,True,13,True,False,False,0
30.0,16.0,0.3,15.0,36,2023-08-24,False,False,False,True,14,False,False,False,0
20.5,14.3,30.2,26.3,84,2023-08-25,False,False,False,False,1,True,False,True,2
20.9,13.0,0.0,17.4,67,2023-08-26,False,False,False,True,2,True,False,False,0
24.1,12.4,0.7,17.6,69,2023-08-27,False,False,False,True,3,True,False,False,0
26.3,12.8,0.0,9.4,66,2023-08-28,False,False,False,True,4,False,False,False,0
28.3,14.4,0.0,11.6,57,2023-08-29,False,False,False,True,5,False,False,False,0
28.8,14.4,0.0,16.2,50,2023-08-30,False,False,False,True,6,False,False,False,0
28.4,16.3,0.0,9.8,51,2023-08-31,False,False,False,True,7,False,False,False,0
30.2,17.2,0.0,13.0,52,2023-09-01,False,False,False,True,8,False,False,False,0
32.3,17.6,0.0,14.4,43,2023-09-02,False,False,False,True,9,False,False,False,0
32.0,15.6,0.0,12.3,41,2023-09-03,False,False,False,True,10,False,False,False,0
33.6,18.7,0.0,24.5,43,2023-09-04,False,False,False,True,11,True,False,False,0
31.6,18.4,0.0,25.8,44,2023-09-05,False,False,False,True,12,True,False,False,0
31.0,21.5,0.0,23.1,46,2023-09-06,False,False,False,True,13,True,False,False,0
23.2,18.2,0.6,13.7,62,2023-09-07,False,False,False,True,14,False,False,False,0
18.3,12.6,7.1,10.8,76,2023-09-08,False,False,False,False,1,False,False,True,2
24.6,11.7,0.0,9.0,77,2023-09-09,False,False,False,True,2,False,False,False,0
28.3,13.7,0.0,11.2,67,2023-09-10,False,False,False,True,3,False,False,False,0
28.4,16.5,0.0,13.4,49,2023-09-11,False,False,False,True,4,False,False,False,0
27.9,13.8,0.0,9.2,51,2023-09-12,False,False,False,True,5,False,False,False,0
29.4,14.0,0.1,13.6,53,2023-09-13,False,False,False,True,6,False,False,False,0
29.2,16.1,2.1,19.1,60,2023-09-14,False,False,False,False,1,True,False,True,2
27.5,15.3,0.6,14.2,62,2023-09-15,False,False,False,True,2,False,False,False,0
29.8,14.6,0.3,33.4,62,2023-09-16,False,False,False,True,3,True,False,False,0
24.6,17.2,0.4,32.7,53,2023-09-17,False,False,False,True,4,True,False,False,0
24.3,14.1,0.0,25.6,49,2023-09-18,False,False,False,True,5,True,False,False,0
25.0,13.1,0.0,17.2,44,2023-09-19,False,False,False,True,6,True,False,False,0
23.3,13.2,0.0,14.6,54,2023-09-20,False,False,False,True,7,False,False,False,0
24.8,11.0,0.0,14.1,55,2023-09-21,False,False,False,True,8,False,False,False,0
23.4,13.2,0.0,20.4,64,2023-09-22,False,False,False,True,9,True,False,False,0
20.3,13.9,0.3,16.2,66,2023-09-23,False,False,False,True,10,False,False,False,0
22.1,13.2,2.2,11.6,69,2023-09-24,False,False,False,False,1,False,False,True,2
24.3,13.5,0.0,14.0,58,2023-09-25,False,False,False,True,2,False,False,False,0
23.5,13.6,0.0,12.6,49,2023-09-26,False,False,False,True,3,False,False,False,0
19.3,12.0,0.2,13.7,48,2023-09-27,False,False,False,True,4,False,False,False,0
22.2,10.2,3.2,11.4,79,2023-09-28,False,False,False,False,1,False,False,True,2
21.1,8.3,0.0,10.0,43,2023-09-29,False,False,False,True,2,False,False,False,0
22.8,8.2,0.0,16.2,46,2023-09-30,False,False,False,True,3,False,False,False,0
20.2,11.6,0.0,13.4,58,2023-10-01,False,False,False,True,4,False,False,False,0
22.8,9.9,0.0,8.2,66,2023-10-02,False,False,False,True,5,False,False,False,0
23.3,9.9,0.0,9.4,67,2023-10-03,False,False,False,True,6,False,False,False,0
20.2,12.3,0.0,22.7,45,2023-10-04,False,False,False,True,7,True,False,False,0
12.7,10.5,7.3,10.1,68,2023-10-05,False,False,False,False,1,False,False,True,2
17.3,8.5,0.2,12.2,74,2023-10-06,False,False,False,True,2,False,False,False,0
19.8,7.4,0.0,11.3,71,2023-10-07,False,False,False,True,3,False,False,False,0
17.4,6.1,0.0,16.9,56,2023-10-08,False,False,False,True,4,False,False,False,0
17.8,4.7,0.0,12.9,56,2023-10-09,False,False,False,True,5,False,False,False,0
19.9,8.1,0.0,6.4,67,2023-10-10,False,False,False,True,6,False,False,False,0
20.6,9.3,1.4,13.3,74,2023-10-11,False,False,False,False,1,False,False,True,2
16.7,10.6,0.4,10.6,74,2023-10-12,False,False,False,True,2,False,False,False,0
19.8,7.2,0.0,8.4,53,2023-10-13,False,False,False,True,3,False,False,False,0
20.2,5.8,0.0,10.0,50,2023-10-14,False,False,False,True,4,False,False,False,0
19.9,5.6,0.0,10.2,55,2023-10-15,False,False,False,True,5,False,False,False,0
20.4,6.1,0.0,9.6,59,2023-10-16,False,False,False,True,6,False,False,False,0
15.7,7.1,1.1,13.7,67,2023-10-17,False,False,False,False,1,False,False,True,2
16.9,3.7,0.0,9.1,65,2023-10-18,False,False,False,True,2,False,False,False,0
14.3,7.0,0.8,15.6,54,2023-10-19,False,False,False,True,3,False,False,False,0
15.3,3.7,0.0,9.0,64,2023-10-20,False,False,False,True,4,False,False,False,0
16.9,3.0,0.0,10.7,64,2023-10-21,False,False,False,True,5,False,False,False,0
18.5,3.2,0.0,7.3,60,2023-10-22,False,False,False,True,6,False,False,False,0
20.1,4.1,0.0,11.3,39,2023-10-23,False,False,False,True,7,False,False,False,0
22.3,4.0,0.0,11.6,48,2023-10-24,False,False,False,True,8,False,False,False,0
19.8,4.4,0.0,15.0,43,2023-10-25,False,False,False,True,9,False,False,False,0
18.7,3.9,0.0,9.4,51,2023-10-26,False,False,False,True,10,False,False,False,0
19.1,6.1,0.0,8.4,51,2023-10-27,False,False,False,True,11,False,False,False,0
21.3,5.8,0.0,11.9,51,2023-10-28,False,False,False,True,12,False,False,False,0
19.9,3.8,0.0,10.3,40,2023-10-29,False,False,False,True,13,False,False,False,0
22.4,3.9,0.0,19.7,38,2023-10-30,False,False,False,True,14,True,False,False,0
23.5,7.2,0.0,19.6,28,2023-10-31,False,False,False,True,15,True,True,False,0
21.2,8.3,0.0,16.2,49,2023-11-01,False,False,False,True,16,False,False,False,0
16.2,7.7,0.0,14.2,37,2023-11-02,False,False,False,True,17,False,False,False,0
15.8,3.8,0.0,11.6,39,2023-11-03,False,False,False,True,18,False,False,False,0
8.5,4.0,3.2,15.2,70,2023-11-04,False,False,False,False,1,False,False,True,2
5.1,-2.6,0.2,19.3,49,2023-11-05,True,False,False,True,2,True,False,False,0
7.0,-5.7,0.0,9.4,59,2023-11-06,True,False,False,True,3,False,False,False,0
12.3,-2.3,0.0,9.5,54,2023-11-07,True,False,False,True,4,False,False,False,0
8.1,-3.5,0.0,14.6,50,2023-11-08,True,False,False,True,5,False,False,False,0
4.5,-4.7,0.0,18.7,42,2023-11-09,True,False,False,True,6,True,False,False,0
4.8,-4.2,0.0,18.5,38,2023-11-10,True,False,False,True,7,True,False,False,0
2.0,-5.7,0.0,16.4,40,2023-11-11,True,False,False,True,8,False,False,False,0
2.1,-6.7,0.0,8.2,36,2023-11-12,True,False,False,True,9,False,False,False,0
6.0,-4.1,0.0,11.9,42,2023-11-13,True,False,False,True,10,False,False,False,0
7.4,-4.3,0.0,9.7,60,2023-11-14,True,False,False,True,11,False,False,False,0
4.3,-2.5,0.0,21.9,50,2023-11-15,True,False,False,True,12,True,False,False,0
6.8,-4.9,0.0,9.8,44,2023-11-16,True,False,False,True,13,False,False,False,0
8.6,-5.0,0.0,7.4,46,2023-11-17,True,False,False,True,14,False,False,False,0
12.6,-4.6,0.0,10.0,36,2023-11-18,True,False,False,True,15,False,False,False,0
9.6,-4.5,0.0,9.5,44,2023-11-19,True,False,False,True,16,False,False,False,0
10.5,-4.1,0.0,11.5,54,2023-11-20,True,False,False,True,17,False,False,False,0
9.3,-3.7,0.3,17.3,46,2023-11-21,True,False,False,True,18,True,False,False,0
8.2,-8.6,0.0,33.4,48,2023-11-22,True,False,False,True,19,True,False,False,0
-2.1,-9.1,0.0,22.3,52,2023-11-23,True,False,False,True,20,True,False,False,0
3.9,-7.8,0.0,15.9,44,2023-11-24,True,False,False,True,21,False,False,False,0
4.6,-5.9,0.0,10.4,42,2023-11-25,True,False,False,True,22,False,False,False,0
10.0,-5.6,0.0,21.3,43,2023-11-26,True,False,False,True,23,True,False,False,0
7.4,-4.6,0.0,16.5,47,2023-11-27,True,False,False,True,24,False,False,False,0
5.6,-7.0,0.0,19.4,47,2023-11-28,True,False,False,True,25,True,False,False,0
-2.9,-10.7,0.0,17.6,34,2023-11-29,True,False,False,True,26,True,False,False,0
-0.4,-9.8,0.0,10.7,34,2023-11-30,True,False,False,True,27,False,False,False,0
1.0,-10.2,0.0,7.6,35,2023-12-01,True,False,False,True,28,False,False,False,0
1.8,-8.6,0.0,6.3,41,2023-12-02,True,False,False,True,29,False,False,False,0
7.3,-7.8,0.0,13.9,37,2023-12-03,True,False,False,True,30,False,False,False,0
10.4,-4.7,0.0,20.1,31,2023-12-04,True,False,False,True,31,True,False,False,0
7.7,-3.4,0.0,19.0,39,2023-12-05,True,False,False,True,32,True,False,False,0
10.5,-2.8,0.0,28.5,35,2023-12-06,True,False,False,True,33,True,False,False,0
13.0,4.4,0.0,30.9,19,2023-12-07,False,False,False,True,34,True,True,False,0
12.3,-1.1,0.0,17.0,27,2023-12-08,True,False,False,True,35,True,True,False,0
7.5,-2.2,0.0,19.6,35,2023-12-09,True,False,False,True,36,True,False,False,0
4.4,-3.2,0.2,16.8,42,2023-12-10,True,False,False,True,37,False,False,False,0
1.7,-5.4,0.0,15.1,53,2023-12-11,True,False,False,True,38,False,False,False,0
6.6,-6.2,0.0,16.0,54,2023-12-12,True,False,False,True,39,False,False,False,0
4.6,-5.2,0.0,8.6,78,2023-12-13,True,False,False,True,40,False,False,False,0
-1.7,-9.5,1.9,19.8,72,2023-12-14,True,False,False,False,1,True,False,True,2
-8.2,-16.9,0.1,22.9,41,2023-12-15,True,False,False,True,2,True,False,False,0
-9.3,-19.2,0.0,14.9,50,2023-12-16,True,False,False,True,3,False,False,False,0
-5.9,-18.4,0.0,16.4,50,2023-12-17,True,False,False,True,4,False,False,False,0
-0.9,-13.8,0.0,20.9,47,2023-12-18,True,False,False,True,5,True,False,False,0
-8.5,-17.6,0.0,21.7,44,2023-12-19,True,False,False,True,6,True,False,False,0
-11.7,-22.0,0.0,24.2,52,2023-12-20,True,False,False,True,7,True,False,False,0
-10.9,-19.6,0.0,11.7,41,2023-12-21,True,False,False,True,8,False,False,False,0
-3.8,-16.2,0.0,13.2,42,2023-12-22,True,False,False,True,9,False,False,False,0
-3.9,-13.9,0.0,17.2,59,2023-12-23,True,False,False,True,10,True,False,False,0
-3.0,-15.4,0.0,6.6,67,2023-12-24,True,False,False,True,11,False,False,False,0
2.1,-13.0,0.0,9.8,62,2023-12-25,True,False,False,True,12,False,False,False,0
0.4,-11.9,0.0,8.7,63,2023-12-26,True,False,False,True,13,False,False,False,0
1.2,-11.7,0.0,9.7,63,2023-12-27,True,False,False,True,14,False,False,False,0
2.8,-10.3,0.0,12.3,57,2023-12-28,True,False,False,True,15,False,False,False,0
5.9,-7.9,0.0,30.9,48,2023-12-29,True,False,False,True,16,True,False,False,0
3.8,-7.5,0.0,11.2,47,2023-12-30,True,False,False,True,17,False,False,False,0
1.9,-7.1,0.0,12.3,56,2023-12-31,True,False,False,True,18,False,False,False,0
2.9,-7.7,0.0,10.7,53,2024-01-01,True,False,False,True,19,False,False,False,0
3.4,-6.0,0.0,14.1,46,2024-01-02,True,False,False,True,20,False,False,False,0
8.0,-7.8,0.0,20.9,49,2024-01-03,True,False,False,True,21,True,False,False,0
3.8,-6.7,0.0,14.2,40,2024-01-04,True,False,False,True,22,False,False,False,0
4.2,-8.9,0.0,13.2,36,2024-01-05,True,False,False,True,23,False,False,False,0
-2.5,-12.2,0.0,12.3,37,2024-01-06,True,False,False,True,24,False,False,False,0
0.9,-11.4,0.0,9.7,40,2024-01-07,True,False,False,True,25,False,False,False,0
4.4,-11.8,0.0,15.5,46,2024-01-08,True,False,False,True,26,False,False,False,0
3.1,-7.4,0.0,18.1,49,2024-01-09,True,False,False,True,27,True,False,False,0
5.4,-9.7,0.0,10.7,50,2024-01-10,True,False,False,True,28,False,False,False,0
7.8,-7.8,0.0,13.0,34,2024-01-11,True,False,False,True,29,False,False,False,0
6.5,-6.6,0.0,8.0,38,2024-01-12,True,False,False,True,30,False,False,False,0
6.3,-6.6,0.0,16.3,40,2024-01-13,True,False,False,True,31,False,False,False,0
0.1,-7.9,0.0,12.4,63,2024-01-14,True,False,False,True,32,False,False,False,0
2.8,-8.1,0.0,12.7,54,2024-01-15,True,False,False,True,33,False,False,False,0
4.8,-6.8,0.0,9.0,63,2024-01-16,True,False,False,True,34,False,False,False,0
4.5,-8.0,0.0,11.1,75,2024-01-17,True,False,False,True,35,False,False,False,0
4.1,-5.2,3.4,11.7,77,2024-01-18,True,False,False,False,1,False,False,True,2
3.8,-3.7,0.0,15.3,81,2024-01-19,True,False,False,True,2,False,False,False,0
-3.6,-10.9,0.0,18.9,54,2024-01-20,True,False,False,True,3,True,False,False,0
-9.7,-16.5,0.0,19.0,45,2024-01-21,True,False,False,True,4,True,False,False,0
-10.7,-17.3,0.0,15.6,50,2024-01-22,True,False,False,True,5,False,False,False,0
-9.1,-19.6,0.0,12.0,48,2024-01-23,True,False,False,True,6,False,False,False,0
-6.1,-18.1,0.0,8.9,39,2024-01-24,True,False,False,True,7,False,False,False,0
-4.2,-16.8,0.0,7.6,47,2024-01-25,True,False,False,True,8,False,False,False,0
-2.5,-15.2,0.0,7.4,46,2024-01-26,True,False,False,True,9,False,False,False,0
-0.4,-14.7,0.0,10.7,42,2024-01-27,True,False,False,True,10,False,False,False,0
0.1,-13.3,0.0,8.9,46,2024-01-28,True,False,False,True,11,False,False,False,0
2.8,-11.7,0.0,10.4,45,2024-01-29,True,False,False,True,12,False,False,False,0
4.8,-8.7,0.0,12.4,47,2024-01-30,True,False,False,True,13,False,False,False,0
3.0,-4.5,0.3,16.5,33,2024-01-31,True,False,False,True,14,False,False,False,0
3.2,-6.9,0.2,11.0,58,2024-02-01,True,False,False,True,15,False,False,False,0
0.1,-3.7,2.1,15.0,78,2024-02-02,True,False,False,False,1,False,False,True,2
0.6,-5.0,0.7,12.9,78,2024-02-03,True,False,False,True,2,False,False,False,0
3.5,-6.3,0.1,11.9,76,2024-02-04,True,False,False,True,3,False,False,False,0
0.2,-8.0,0.0,16.7,70,2024-02-05,True,False,False,True,4,False,False,False,0
-2.0,-9.8,0.0,12.0,55,2024-02-06,True,False,False,True,5,False,False,False,0
-1.0,-10.5,0.0,11.0,59,2024-02-07,True,False,False,True,6,False,False,False,0
2.3,-9.8,0.0,10.2,60,2024-02-08,True,False,False,True,7,False,False,False,0
5.7,-5.4,0.0,14.4,44,2024-02-09,True,False,False,True,8,False,False,False,0
5.4,-3.7,0.0,24.3,40,2024-02-10,True,False,False,True,9,True,False,False,0
9.0,-6.6,0.0,8.8,41,2024-02-11,True,False,False,True,10,False,False,False,0
14.1,-4.4,0.0,13.7,34,2024-02-12,True,False,False,True,11,False,False,False,0
11.5,-5.3,0.0,13.7,45,2024-02-13,True,False,False,True,12,False,False,False,0
6.7,-3.1,0.0,17.9,26,2024-02-14,True,False,False,True,13,True,True,False,0
8.9,-8.7,0.0,20.6,25,2024-02-15,True,False,False,True,14,True,True,False,0
16.2,-2.5,0.0,26.0,33,2024-02-16,True,False,False,True,15,True,False,False,0
14.3,-1.0,0.0,25.2,49,2024-02-17,True,False,False,True,16,True,False,False,0
0.8,-6.7,0.3,22.0,28,2024-02-18,True,False,False,True,17,True,True,False,0
-0.1,-9.2,0.0,18.7,23,2024-02-19,True,False,False,True,18,True,True,False,0
-0.7,-4.7,1.6,19.1,54,2024-02-20,True,False,False,False,1,True,False,True,2
-4.1,-9.3,1.3,19.5,63,2024-02-21,True,False,False,False,1,True,False,True,3
-4.1,-11.3,0.1,15.0,54,2024-02-22,True,False,False,True,2,False,False,False,0
-2.8,-12.5,0.0,11.1,57,2024-02-23,True,False,False,True,3,False,False,False,0
-0.6,-11.8,0.0,8.0,61,2024-02-24,True,False,False,True,4,False,False,False,0
2.0,-9.0,0.0,14.1,59,2024-02-25,True,False,False,True,5,False,False,False,0
5.1,-4.8,0.0,13.1,58,2024-02-26,True,False,False,True,6,False,False,False,0
5.1,-6.4,0.0,17.1,66,2024-02-27,True,False,False,True,7,True,False,False,0
3.4,-2.9,0.7,19.7,43,2024-02-28,True,False,False,True,8,True,False,False,0
-0.7,-6.6,0.3,15.8,38,2024-02-29,True,False,False,True,9,False,False,False,0
1.4,-7.8,0.0,14.7,38,2024-03-01,True,False,False,True,10,False,False,False,0
5.9,-7.7,0.0,11.9,34,2024-03-02,True,False,False,True,11,False,False,False,0
8.0,-6.2,0.0,14.4,41,2024-03-03,True,False,False,True,12,False,False,False,0
9.3,-2.9,0.2,22.7,55,2024-03-04,True,False,False,True,13,True,False,False,0
5.0,-3.8,0.1,11.6,44,2024-03-05,True,False,False,True,14,False,False,False,0
7.8,-6.9,0.0,30.6,40,2024-03-06,True,False,False,True,15,True,False,False,0
4.9,-7.0,0.0,12.3,27,2024-03-07,True,False,False,True,16,False,False,False,0
8.0,-6.1,0.0,10.1,27,2024-03-08,True,False,False,True,17,False,False,False,0
10.9,-6.2,0.0,11.3,32,2024-03-09,True,False,False,True,18,False,False,False,0
12.8,-0.8,0.0,20.5,26,2024-03-10,True,False,False,True,19,True,True,False,0
11.3,-2.9,0.0,11.8,26,2024-03-11,True,False,False,True,20,False,False,False,0
11.1,-4.0,0.0,13.1,24,2024-03-12,True,False,False,True,21,False,False,False,0
14.3,-1.7,0.0,13.0,25,2024-03-13,True,False,False,True,22,False,False,False,0
18.3,-2.7,0.0,25.2,25,2024-03-14,True,False,False,True,23,True,True,False,0
16.2,5.8,0.0,24.4,39,2024-03-15,False,False,False,True,24,True,False,False,0
12.2,-1.7,0.0,16.7,33,2024-03-16,True,False,False,True,25,False,False,False,0
13.0,-1.6,0.0,9.6,22,2024-03-17,True,False,False,True,26,False,False,False,0
9.1,0.6,0.0,29.3,23,2024-03-18,False,False,False,True,27,True,True,False,0
12.3,-6.5,0.0,13.2,21,2024-03-19,True,False,False,True,28,False,False,False,0
18.6,-2.5,0.0,13.0,19,2024-03-20,True,False,False,True,29,False,False,False,0
21.6,0.7,0.0,21.9,26,2024-03-21,False,False,False,True,30,True,True,False,0
20.4,2.7,0.0,16.6,23,2024-03-22,False,False,False,True,31,False,True,False,0
16.8,5.4,0.4,28.7,33,2024-03-23,False,False,False,True,32,True,False,False,0
16.4,6.1,0.3,14.1,53,2024-03-24,False,False,False,True,33,False,False,False,0
19.3,2.7,0.0,17.3,46,2024-03-25,False,False,False,True,34,True,False,False,0
20.8,2.6,1.6,19.7,45,2024-03-26,False,False,False,False,1,True,False,True,2
16.2,6.6,0.1,25.1,40,2024-03-27,False,False,False,True,2,True,False,False,0
18.4,3.9,0.1,21.9,35,2024-03-28,False,False,False,True,3,True,False,False,0
22.6,2.8,0.0,28.1,23,2024-03-29,False,False,False,True,4,True,True,False,0
23.2,4.3,0.0,13.0,20,2024-03-30,False,False,False,True,5,False,False,False,0
26.8,5.2,0.0,24.0,23,2024-03-31,False,False,False,True,6,True,True,False,0
25.9,10.5,0.0,28.5,30,2024-04-01,False,False,False,True,7,True,True,False,0
16.6,9.4,0.2,27.7,30,2024-04-02,False,False,False,True,8,True,True,False,0
17.5,5.8,0.0,15.8,49,2024-04-03,False,False,False,True,9,False,False,False,0
20.3,4.3,0.0,14.1,41,2024-04-04,False,False,False,True,10,False,False,False,0
16.0,6.9,0.7,18.9,33,2024-04-05,False,False,False,True,11,True,False,False,0
19.6,8.2,0.0,8.6,36,2024-04-06,False,False,False,True,12,False,False,False,0
20.6,8.9,0.1,22.9,42,2024-04-07,False,False,False,True,13,True,False,False,0
20.2,7.5,0.0,12.4,46,2024-04-08,False,False,False,True,14,False,False,False,0
19.8,5.8,1.5,19.1,51,2024-04-09,False,False,False,False,1,True,False,True,2
23.0,6.3,0.2,22.3,43,2024-04-10,False,False,False,True,2,True,False,False,0
26.6,8.4,0.0,21.5,29,2024-04-11,False,False,False,True,3,True,True,False,0
27.2,8.2,0.0,16.9,26,2024-04-12,False,False,False,True,4,False,True,False,0
22.9,13.0,0.7,24.2,45,2024-04-13,False,False,False,True,5,True,False,False,0
23.4,6.3,0.0,21.7,35,2024-04-14,False,False,False,True,6,True,False,False,0
19.2,5.6,0.0,11.3,20,2024-04-15,False,False,False,True,7,False,False,False,0
24.6,6.4,0.0,12.3,21,2024-04-16,False,False,False,True,8,False,False,False,0
27.4,9.5,0.0,17.2,24,2024-04-17,False,False,False,True,9,True,True,False,0
26.4,12.9,28.3,25.9,59,2024-04-18,False,False,False,False,1,True,False,True,2
18.6,9.6,5.9,35.9,55,2024-04-19,False,False,False,False,1,True,False,True,3
19.2,7.7,0.3,12.8,62,2024-04-20,False,False,False,True,2,False,False,False,0
22.9,8.2,0.0,20.1,47,2024-04-21,False,False,False,True,3,True,False,False,0
19.1,8.1,0.0,31.0,35,2024-04-22,False,False,False,True,4,True,False,False,0
20.4,3.8,0.0,18.2,39,2024-04-23,False,False,False,True,5,True,False,False,0
26.8,6.4,0.0,15.8,37,2024-04-24,False,False,False,True,6,False,False,False,0
27.6,8.7,0.0,23.2,31,2024-04-25,False,False,False,True,7,True,False,False,0
20.6,12.0,1.2,14.5,46,2024-04-26,False,False,False,False,1,False,False,True,2
26.5,10.5,0.0,18.2,47,2024-04-27,False,False,False,True,2,True,False,False,0
22.3,10.0,5.2,33.4,48,2024-04-28,False,False,False,False,1,True,False,True,2
15.7,8.6,0.0,20.8,46,2024-04-29,False,False,False,True,2,True,False,False,0
17.5,4.9,0.0,9.4,43,2024-04-30,False,False,False,True,3,False,False,False,0
21.0,7.0,0.0,8.2,40,2024-05-01,False,False,False,True,4,False,False,False,0
22.4,9.8,0.0,22.0,43,2024-05-02,False,False,False,True,5,True,False,False,0
16.2,11.4,8.6,17.3,67,2024-05-03,False,False,False,False,1,True,False,True,2
20.3,9.4,0.6,15.0,68,2024-05-04,False,False,False,True,2,False,False,False,0
23.6,8.0,0.0,13.3,53,2024-05-05,False,False,False,True,3,False,False,False,0
24.5,8.1,0.0,11.5,43,2024-05-06,False,False,False,True,4,False,False,False,0
27.7,9.8,0.0,13.2,24,2024-05-07,False,False,False,True,5,False,False,False,0
30.7,13.1,0.0,20.7,29,2024-05-08,False,False,False,True,6,True,True,False,0
29.3,14.1,0.0,16.8,41,2024-05-09,False,False,False,True,7,False,False,False,0
23.8,15.4,0.1,36.7,28,2024-05-10,False,False,False,True,8,True,True,False,0
27.0,9.3,0.0,23.5,18,2024-05-11,False,False,False,True,9,True,True,False,0
25.6,11.4,0.0,20.1,15,2024-05-12,False,False,False,True,10,True,True,False,0
30.7,11.4,0.0,15.5,18,2024-05-13,False,False,False,True,11,False,True,False,0
30.8,16.1,0.0,33.2,29,2024-05-14,False,False,False,True,12,True,True,False,0
26.2,12.9,0.0,23.4,17,2024-05-15,False,False,False,True,13,True,True,False,0
32.2,16.9,0.0,18.9,28,2024-05-16,False,False,False,True,14,True,True,False,0
34.8,17.3,0.0,17.3,15,2024-05-17,False,False,False,True,15,True,True,False,0
34.1,19.5,0.0,24.6,19,2024-05-18,False,False,False,True,16,True,True,False,0
32.1,19.9,0.0,19.0,20,2024-05-19,False,False,False,True,17,True,True,False,0
32.8,18.0,0.0,13.1,21,2024-05-20,False,False,False,True,18,False,False,False,0
34.3,18.3,0.0,27.0,30,2024-05-21,False,False,False,True,19,True,True,False,0
34.0,19.1,0.0,26.1,24,2024-05-22,False,False,False,True,20,True,True,False,0
36.0,20.0,0.0,14.5,28,2024-05-23,False,True,False,True,21,False,False,False,0
27.5,18.4,1.0,28.1,39,2024-05-24,False,False,False,False,1,True,False,True,2
30.8,16.6,0.0,11.2,53,2024-05-25,False,False,False,True,2,False,False,False,0
27.4,16.9,0.0,20.9,36,2024-05-26,False,False,False,True,3,True,False,False,0
30.3,16.0,0.0,11.6,34,2024-05-27,False,False,False,True,4,False,False,False,0
30.2,17.1,9.3,32.9,56,2024-05-28,False,False,False,False,1,True,False,True,2
23.0,16.5,3.3,14.9,59,2024-05-29,False,False,False,False,1,False,False,True,3
29.6,12.3,0.0,18.7,33,2024-05-30,False,False,False,True,2,True,False,False,0
26.8,15.4,0.0,20.6,33,2024-05-31,False,False,False,True,3,True,False,False,0
27.1,14.4,0.2,28.2,49,2024-06-01,False,False,False,True,4,True,False,False,0
24.7,13.4,0.8,15.1,58,2024-06-02,False,False,False,True,5,False,False,False,0
26.8,13.4,0.0,17.3,55,2024-06-03,False,False,False,True,6,True,False,False,0
21.7,15.0,12.4,17.5,71,2024-06-04,False,False,False,False,1,True,False,True,2
26.9,13.0,0.1,8.7,66,2024-06-05,False,False,False,True,2,False,False,False,0
20.0,14.5,10.5,21.9,78,2024-06-06,False,False,False,False,1,True,False,True,2
27.6,11.7,0.0,11.9,61,2024-06-07,False,False,False,True,2,False,False,False,0
28.6,16.6,0.0,20.8,43,2024-06-08,False,False,False,True,3,True,False,False,0
30.3,15.9,0.0,16.3,42,2024-06-09,False,False,False,True,4,False,False,False,0
32.6,16.0,0.0,16.8,37,2024-06-10,False,False,False,True,5,False,False,False,0
34.6,16.3,0.0,17.3,30,2024-06-11,False,False,False,True,6,True,True,False,0
34.9,18.0,0.0,18.4,25,2024-06-12,False,False,False,True,7,True,True,False,0
32.7,18.4,0.1,19.7,32,2024-06-13,False,False,False,True,8,True,False,False,0
29.7,18.0,0.0,15.8,35,2024-06-14,False,False,False,True,9,False,False,False,0
31.2,17.6,0.0,14.5,28,2024-06-15,False,False,False,True,10,False,False,False,0
31.3,19.9,0.0,17.4,26,2024-06-16,False,False,False,True,11,True,True,False,0
33.8,18.3,0.0,11.9,37,2024-06-17,False,False,False,True,12,False,False,False,0
33.1,22.9,0.0,18.1,36,2024-06-18,False,False,False,True,13,True,False,False,0
32.7,19.0,0.0,15.6,38,2024-06-19,False,False,False,True,14,False,False,False,0
27.6,16.5,6.7,23.5,60,2024-06-20,False,False,False,False,1,True,False,True,2
29.5,14.6,0.0,21.4,50,2024-06-21,False,False,False,True,2,True,False,False,0
28.2,14.2,0.0,14.1,33,2024-06-22,False,False,False,True,3,False,False,False,0
27.3,13.8,0.0,22.0,33,2024-06-23,False,False,False,True,4,True,False,False,0
27.2,14.0,0.0,9.9,44,2024-06-24,False,False,False,True,5,False,False,False,0
31.6,15.6,0.0,16.6,37,2024-06-25,False,False,False,True,6,False,False,False,0
32.6,17.7,0.5,15.8,37,2024-06-26,False,False,False,True,7,False,False,False,0
34.9,20.0,0.0,19.0,42,2024-06-27,False,False,False,True,8,True,False,False,0
32.8,21.9,0.0,23.6,43,2024-06-28,False,False,False,True,9,True,False,False,0
29.5,18.5,6.8,16.4,53,2024-06-29,False,False,False,False,1,False,False,True,2
29.5,20.1,0.0,16.4,39,2024-06-30,False,False,False,True,2,False,False,False,0
27.7,17.3,1.1,12.1,48,2024-07-01,False,False,False,False,1,False,False,True,2
31.9,16.3,0.0,14.6,43,2024-07-02,False,False,False,True,2,False,False,False,0
33.7,17.6,0.0,13.6,36,2024-07-03,False,False,False,True,3,False,False,False,0
33.4,19.2,0.7,21.7,36,2024-07-04,False,False,False,True,4,True,False,False,0
28.8,18.7,0.2,10.5,52,2024-07-05,False,False,False,True,5,False,False,False,0
33.0,18.8,2.5,12.9,55,2024-07-06,False,False,False,False,1,False,False,True,2
28.7,18.8,1.1,19.2,54,2024-07-07,False,False,False,False,1,True,False,True,3
26.9,18.9,0.3,9.0,58,2024-07-08,False,False,False,True,2,False,False,False,0
31.5,17.6,0.0,10.5,54,2024-07-09,False,False,False,True,3,False,False,False,0
33.5,20.4,0.0,12.0,48,2024-07-10,False,False,False,True,4,False,False,False,0
33.6,21.2,0.2,13.3,45,2024-07-11,False,False,False,True,5,False,False,False,0
33.4,18.6,0.0,9.8,46,2024-07-12,False,False,False,True,6,False,False,False,0
34.6,21.3,0.0,10.5,37,2024-07-13,False,False,False,True,7,False,False,False,0
34.6,23.0,0.6,28.9,44,2024-07-14,False,False,False,True,8,True,False,False,0
34.2,22.7,0.0,23.7,48,2024-07-15,False,False,False,True,9,True,False,False,0
32.7,22.3,0.0,17.2,45,2024-07-16,False,False,False,True,10,True,False,False,0
34.4,20.4,0.0,15.6,31,2024-07-17,False,False,False,True,11,False,False,False,0
36.8,20.0,0.0,15.1,29,2024-07-18,False,True,False,True,12,False,True,False,0
36.5,23.9,0.0,15.5,42,2024-07-19,False,True,False,True,13,False,False,False,0
37.8,24.2,0.0,22.9,46,2024-07-20,False,True,False,True,14,True,False,False,0
35.8,22.5,0.0,16.5,42,2024-07-21,False,True,False,True,15,False,False,False,0
35.7,23.9,0.0,15.6,35,2024-07-22,False,True,False,True,16,False,False,False,0
37.9,22.9,0.8,26.2,35,2024-07-23,False,True,False,True,17,True,False,False,0
32.0,22.8,0.6,23.7,39,2024-07-24,False,False,False,True,18,True,False,False,0
35.4,19.9,0.0,19.4,38,2024-07-25,False,True,False,True,19,True,False,False,0
36.4,20.2,0.0,16.4,30,2024-07-26,False,True,False,True,20,False,True,False,0
34.0,24.8,0.0,15.4,28,2024-07-27,False,False,False,True,21,False,True,False,0
34.5,24.3,0.0,16.4,31,2024-07-28,False,False,False,True,22,False,False,False,0
28.0,20.7,1.2,15.1,61,2024-07-29,False,False,False,False,1,False,False,True,2
27.3,18.7,0.8,18.6,71,2024-07-30,False,False,False,True,2,True,False,False,0
33.3,18.6,0.0,16.7,50,2024-07-31,False,False,False,True,3,False,False,False,0
35.1,19.9,0.5,15.5,43,2024-08-01,False,True,False,True,4,False,False,False,0
25.8,19.9,11.8,12.4,79,2024-08-02,False,False,False,False,1,False,False,True,2
31.5,17.7,0.0,9.4,63,2024-08-03,False,False,False,True,2,False,False,False,0
33.5,19.4,0.3,17.0,50,2024-08-04,False,False,False,True,3,True,False,False,0
34.1,19.3,0.1,19.8,47,2024-08-05,False,False,False,True,4,True,False,False,0
24.2,19.5,5.6,11.5,70,2024-08-06,False,False,False,False,1,False,False,True,2
28.8,17.9,0.0,18.2,70,2024-08-07,False,False,False,True,2,True,False,False,0
23.6,19.9,33.1,12.3,85,2024-08-08,False,False,False,False,1,False,False,True,2
27.5,19.5,0.1,20.4,59,2024-08-09,False,False,False,True,2,True,False,False,0
29.2,19.6,0.0,22.0,47,2024-08-10,False,False,False,True,3,True,False,False,0
28.6,15.9,0.0,10.1,64,2024-08-11,False,False,False,True,4,False,False,False,0
29.0,16.5,0.0,11.9,56,2024-08-12,False,False,False,True,5,False,False,False,0
30.6,17.0,0.0,11.6,53,2024-08-13,False,False,False,True,6,False,False,False,0
24.7,19.3,11.6,11.9,74,2024-08-14,False,False,False,False,1,False,False,True,2
26.9,16.8,0.7,14.1,73,2024-08-15,False,False,False,True,2,False,False,False,0
30.5,17.1,0.0,15.8,63,2024-08-16,False,False,False,True,3,False,False,False,0
28.6,17.9,2.1,14.3,60,2024-08-17,False,False,False,False,1,False,False,True,2
29.9,16.9,0.0,10.7,57,2024-08-18,False,False,False,True,2,False,False,False,0
29.7,17.0,0.0,21.1,47,2024-08-19,False,False,False,True,3,True,False,False,0
28.4,17.6,0.1,13.7,53,2024-08-20,False,False,False,True,4,False,False,False,0
30.6,16.5,0.0,8.2,55,2024-08-21,False,False,False,True,5,False,False,False,0
32.7,17.9,0.0,9.4,48,2024-08-22,False,False,False,True,6,False,False,False,0
34.9,20.2,0.0,13.0,44,2024-08-23,False,False,False,True,7,False,False,False,0
29.4,20.9,57.8,18.5,80,2024-08-24,False,False,False,False,1,True,False,True,2
28.9,19.9,36.4,22.4,82,2024-08-25,False,False,False,False,1,True,False,True,3
25.5,17.2,0.0,15.9,62,2024-08-26,False,False,False,True,2,False,False,False,0
26.3,15.7,0.0,16.3,70,2024-08-27,False,False,False,True,3,False,False,False,0
28.9,17.5,0.0,8.3,73,2024-08-28,False,False,False,True,4,False,False,False,0
29.5,18.5,0.0,11.9,74,2024-08-29,False,False,False,True,5,False,False,False,0
30.5,21.0,0.0,18.3,70,2024-08-30,False,False,False,True,6,True,False,False,0
29.7,21.8,10.3,12.9,75,2024-08-31,False,False,False,False,1,False,False,True,2
24.2,18.7,0.3,22.1,62,2024-09-01,False,False,False,True,2,True,False,False,0
27.6,17.3,0.8,17.1,67,2024-09-02,False,False,False,True,3,True,False,False,0
29.9,19.8,9.6,16.3,79,2024-09-03,False,False,False,False,1,False,False,True,2
22.3,13.2,11.5,26.3,82,2024-09-04,False,False,False,False,1,True,False,True,3
19.1,12.7,3.8,15.1,79,2024-09-05,False,False,False,False,1,False,False,True,4
18.0,15.1,10.0,13.1,89,2024-09-06,False,False,False,False,1,False,False,True,5
23.4,12.4,0.9,14.9,76,2024-09-07,False,False,False,True,2,False,False,False,0
27.3,16.9,0.1,15.7,78,2024-09-08,False,False,False,True,3,False,False,False,0
19.7,14.1,6.4,15.5,82,2024-09-09,False,False,False,False,1,False,False,True,2
16.1,11.6,3.2,16.5,84,2024-09-10,False,False,False,False,1,False,False,True,3
19.4,12.5,15.1,22.0,91,2024-09-11,False,False,False,False,1,True,False,True,4
25.3,16.5,8.2,23.8,81,2024-09-12,False,False,False,False,1,True,False,True,5
22.1,15.7,0.9,18.7,73,2024-09-13,False,False,False,True,2,True,False,False,0
16.4,11.8,3.7,18.0,73,2024-09-14,False,False,False,False,1,True,False,True,2
17.2,13.4,12.7,16.2,93,2024-09-15,False,False,False,False,1,False,False,True,3
21.4,14.6,3.1,12.0,82,2024-09-16,False,False,False,False,1,False,False,True,4
26.2,15.3,0.4,13.7,80,2024-09-17,False,False,False,True,2,False,False,False,0
27.2,17.4,0.1,14.4,81,2024-09-18,False,False,False,True,3,False,False,False,0
27.7,18.5,12.0,26.4,78,2024-09-19,False,False,False,False,1,True,False,True,2
19.8,14.4,2.8,21.6,74,2024-09-20,False,False,False,False,1,True,False,True,3
18.5,10.6,0.0,13.3,66,2024-09-21,False,False,False,True,2,False,False,False,0
20.5,7.5,0.0,10.5,71,2024-09-22,False,False,False,True,3,False,False,False,0
23.5,10.6,0.0,8.8,72,2024-09-23,False,False,False,True,4,False,False,False,0
25.0,11.8,0.2,14.1,80,2024-09-24,False,False,False,True,5,False,False,False,0
23.3,11.3,0.0,11.2,72,2024-09-25,False,False,False,True,6,False,False,False,0
24.6,11.1,0.0,13.1,69,2024-09-26,False,False,False,True,7,False,False,False,0
24.7,15.1,0.5,16.2,77,2024-09-27,False,False,False,True,8,False,False,False,0
25.0,18.7,5.7,15.8,74,2024-09-28,False,False,False,False,1,False,False,True,2
16.6,10.6,6.6,19.8,60,2024-09-29,False,False,False,False,1,True,False,True,3
14.1,7.0,0.0,29.2,46,2024-09-30,False,False,False,True,2,True,False,False,0
13.5,2.9,0.0,12.2,46,2024-10-01,False,False,False,True,3,False,False,False,0
16.3,3.7,0.0,13.9,55,2024-10-02,False,False,False,True,4,False,False,False,0
18.8,5.6,0.0,15.7,58,2024-10-03,False,False,False,True,5,False,False,False,0
20.8,10.0,0.0,21.5,63,2024-10-04,False,False,False,True,6,True,False,False,0
20.4,9.5,0.0,10.7,73,2024-10-05,False,False,False,True,7,False,False,False,0
15.5,10.7,1.6,13.5,77,2024-10-06,False,False,False,False,1,False,False,True,2
18.4,6.0,0.0,9.7,67,2024-10-07,False,False,False,True,2,False,False,False,0
18.9,7.6,0.1,16.2,70,2024-10-08,False,False,False,True,3,False,False,False,0
19.5,6.6,0.0,16.1,54,2024-10-09,False,False,False,True,4,False,False,False,0
20.6,5.1,0.0,11.1,61,2024-10-10,False,False,False,True,5,False,False,False,0
20.5,7.3,0.0,9.1,62,2024-10-11,False,False,False,True,6,False,False,False,0
18.3,8.6,1.1,11.3,79,2024-10-12,False,False,False,False,1,False,False,True,2
22.4,8.4,0.0,8.3,77,2024-10-13,False,False,False,True,2,False,False,False,0
20.6,9.2,0.0,10.7,66,2024-10-14,False,False,False,True,3,False,False,False,0
19.7,7.8,0.2,15.8,57,2024-10-15,False,False,False,True,4,False,False,False,0
17.7,11.8,1.0,13.4,78,2024-10-16,False,False,False,False,1,False,False,True,2
16.8,10.6,0.2,15.4,87,2024-10-17,False,False,False,True,2,False,False,False,0
16.7,10.2,0.2,20.6,68,2024-10-18,False,False,False,True,3,True,False,False,0
14.3,8.3,19.4,18.5,73,2024-10-19,False,False,False,False,1,True,False,True,2
17.4,7.0,4.1,22.5,63,2024-10-20,False,False,False,False,1,True,False,True,3
8.1,4.1,1.8,27.0,78,2024-10-21,False,False,False,False,1,True,False,True,4
13.4,0.7,0.0,13.7,68,2024-10-22,False,False,False,True,2,False,False,False,0
18.2,1.3,0.0,12.4,66,2024-10-23,False,False,False,True,3,False,False,False,0
19.4,4.1,0.0,11.0,74,2024-10-24,False,False,False,True,4,False,False,False,0
15.7,7.4,1.8,12.5,83,2024-10-25,False,False,False,False,1,False,False,True,2
14.5,4.3,0.0,11.4,75,2024-10-26,False,False,False,True,2,False,False,False,0
15.1,5.0,0.0,7.2,69,2024-10-27,False,False,False,True,3,False,False,False,0
19.1,4.1,0.0,12.1,72,2024-10-28,False,False,False,True,4,False,False,False,0
16.9,4.7,0.0,15.8,72,2024-10-29,False,False,False,True,5,False,False,False,0
17.6,8.0,0.6,12.4,75,2024-10-30,False,False,False,True,6,False,False,False,0
17.3,7.0,0.0,10.6,74,2024-10-31,False,False,False,True,7,False,False,False,0
16.2,5.4,0.3,8.7,81,2024-11-01,False,False,False,True,8,False,False,False,0
17.8,5.7,0.0,14.8,78,2024-11-02,False,False,False,True,9,False,False,False,0
12.8,5.5,0.0,18.2,51,2024-11-03,False,False,False,True,10,True,False,False,0
11.7,0.5,0.0,10.3,60,2024-11-04,False,False,False,True,11,False,False,False,0
12.1,0.1,0.0,9.4,69,2024-11-05,False,False,False,True,12,False,False,False,0
13.7,-0.2,0.0,8.6,69,2024-11-06,True,False,False,True,13,False,False,False,0
15.5,1.2,0.0,8.6,73,2024-11-07,False,False,False,True,14,False,False,False,0
15.4,3.3,0.0,15.1,83,2024-11-08,False,False,False,True,15,False,False,False,0
15.6,5.0,0.0,13.1,76,2024-11-09,False,False,False,True,16,False,False,False,0
14.0,3.6,0.0,10.2,63,2024-11-10,False,False,False,True,17,False,False,False,0
14.0,4.9,0.0,12.8,46,2024-11-11,False,False,False,True,18,False,False,False,0
9.4,2.5,4.1,10.8,66,2024-11-12,False,False,False,False,1,False,False,True,2
9.3,3.7,2.4,6.4,89,2024-11-13,False,False,False,False,1,False,False,True,3
10.4,1.6,0.5,10.3,88,2024-11-14,False,False,False,True,2,False,False,False,0
8.9,2.2,0.4,22.7,83,2024-11-15,False,False,False,True,3,True,False,False,0
8.4,-0.2,0.0,15.9,49,2024-11-16,True,False,False,True,4,False,False,False,0
6.1,-2.7,0.0,11.9,54,2024-11-17,True,False,False,True,5,False,False,False,0
4.0,-0.9,0.9,9.4,83,2024-11-18,True,False,False,True,6,False,False,False,0
8.2,-1.8,0.0,8.2,86,2024-11-19,True,False,False,True,7,False,False,False,0
8.6,-2.6,0.0,8.6,83,2024-11-20,True,False,False,True,8,False,False,False,0
7.1,-2.4,0.0,11.9,73,2024-11-21,True,False,False,True,9,False,False,False,0
8.0,-2.6,0.0,11.4,72,2024-11-22,True,False,False,True,10,False,False,False,0
7.9,-2.3,0.0,10.5,85,2024-11-23,True,False,False,True,11,False,False,False,0
3.7,-1.6,0.3,13.8,69,2024-11-24,True,False,False,True,12,False,False,False,0
-1.9,-6.3,0.0,16.9,41,2024-11-25,True,False,False,True,13,False,False,False,0
-0.4,-8.6,0.0,16.7,41,2024-11-26,True,False,False,True,14,False,False,False,0
3.7,-5.2,0.0,15.6,40,2024-11-27,True,False,False,True,15,False,False,False,0
5.2,-5.5,0.0,14.2,45,2024-11-28,True,False,False,True,16,False,False,False,0
6.2,-4.3,0.0,7.4,49,2024-11-29,True,False,False,True,17,False,False,False,0
6.8,-3.0,0.0,6.5,54,2024-11-30,True,False,False,True,18,False,False,False,0
6.4,-4.6,0.0,16.0,52,2024-12-01,True,False,False,True,19,False,False,False,0
1.3,-6.0,0.0,11.5,48,2024-12-02,True,False,False,True,20,False,False,False,0
3.8,-5.7,0.0,9.5,50,2024-12-03,True,False,False,True,21,False,False,False,0
3.6,-4.5,0.0,14.1,61,2024-12-04,True,False,False,True,22,False,False,False,0
2.4,-5.2,0.0,12.6,66,2024-12-05,True,False,False,True,23,False,False,False,0
2.3,-6.6,0.0,15.0,61,2024-12-06,True,False,False,True,24,False,False,False,0
-2.6,-7.2,0.0,11.4,50,2024-12-07,True,False,False,True,25,False,False,False,0
0.6,-9.5,0.0,11.4,41,2024-12-08,True,False,False,True,26,False,False,False,0
1.6,-8.2,0.0,13.3,47,2024-12-09,True,False,False,True,27,False,False,False,0
-1.1,-5.7,1.7,11.9,62,2024-12-10,True,False,False,False,1,False,False,True,2
-0.4,-8.4,0.0,9.7,72,2024-12-11,True,False,False,True,2,False,False,False,0
-2.2,-8.6,0.0,17.1,59,2024-12-12,True,False,False,True,3,True,False,False,0
-4.3,-12.2,0.0,13.3,52,2024-12-13,True,False,False,True,4,False,False,False,0
-1.9,-13.4,0.0,8.3,43,2024-12-14,True,False,False,True,5,False,False,False,0
-0.1,-12.5,0.0,6.8,36,2024-12-15,True,False,False,True,6,False,False,False,0
1.3,-12.0,0.0,6.5,45,2024-12-16,True,False,False,True,7,False,False,False,0
-0.2,-11.7,0.0,7.5,41,2024-12-17,True,False,False,True,8,False,False,False,0
-0.1,-8.5,0.0,11.6,43,2024-12-18,True,False,False,True,9,False,False,False,0
-0.3,-10.7,0.2,16.9,55,2024-12-19,True,False,False,True,10,False,False,False,0
-4.9,-12.2,0.0,12.9,51,2024-12-20,True,False,False,True,11,False,False,False,0
-7.0,-14.9,0.0,13.1,45,2024-12-21,True,False,False,True,12,False,False,False,0
-1.0,-13.4,0.0,12.3,46,2024-12-22,True,False,False,True,13,False,False,False,0
0.4,-5.7,0.0,9.5,47,2024-12-23,True,False,False,True,14,False,False,False,0
-1.0,-11.9,0.0,9.1,52,2024-12-24,True,False,False,True,15,False,False,False,0
-0.5,-10.0,0.0,12.3,42,2024-12-25,True,False,False,True,16,False,False,False,0
-1.4,-10.6,0.2,17.9,46,2024-12-26,True,False,False,True,17,True,False,False,0
-4.8,-13.2,0.0,17.0,49,2024-12-27,True,False,False,True,18,True,False,False,0
-1.1,-15.4,0.0,9.2,42,2024-12-28,True,False,False,True,19,False,False,False,0
3.0,-13.0,0.0,20.8,41,2024-12-29,True,False,False,True,20,True,False,False,0
1.6,-9.9,0.0,9.5,44,2024-12-30,True,False,False,True,21,False,False,False,0
3.5,-12.5,0.0,10.2,38,2024-12-31,True,False,False,True,22,False,False,False,0
2.3,-8.8,0.0,11.5,39,2025-01-01,True,False,False,True,23,False,False,False,0
-0.2,-9.8,0.0,12.8,41,2025-01-02,True,False,False,True,24,False,False,False,0
1.2,-8.8,0.2,9.8,43,2025-01-03,True,False,False,True,25,False,False,False,0
2.1,-10.6,0.0,20.0,50,2025-01-04,True,False,False,True,26,True,False,False,0
2.4,-5.5,0.0,13.5,42,2025-01-05,True,False,False,True,27,False,False,False,0
1.1,-9.0,0.0,10.4,34,2025-01-06,True,False,False,True,28,False,False,False,0
1.0,-10.4,0.0,6.1,37,2025-01-07,True,False,False,True,29,False,False,False,0
-1.4,-9.7,0.0,10.4,45,2025-01-08,True,False,False,True,30,False,False,False,0
-1.5,-11.7,0.0,12.5,42,2025-01-09,True,False,False,True,31,False,False,False,0
-1.3,-9.9,0.0,16.5,52,2025-01-10,True,False,False,True,32,False,False,False,0
-1.9,-7.7,1.2,27.1,55,2025-01-11,True,False,False,False,1,True,False,True,2
3.3,-13.1,0.0,15.7,51,2025-01-12,True,False,False,True,2,False,False,False,0
4.3,-9.7,0.0,17.3,48,2025-01-13,True,False,False,True,3,True,False,False,0
-3.8,-9.9,0.0,15.5,49,2025-01-14,True,False,False,True,4,False,False,False,0
-2.9,-14.0,0.0,8.4,29,2025-01-15,True,False,False,True,5,False,False,False,0
-0.4,-15.4,0.0,10.1,44,2025-01-16,True,False,False,True,6,False,False,False,0
2.2,-12.7,0.0,8.6,31,2025-01-17,True,False,False,True,7,False,False,False,0
4.2,-9.6,0.0,10.5,35,2025-01-18,True,False,False,True,8,False,False,False,0
5.0,-11.4,0.0,8.0,39,2025-01-19,True,False,False,True,9,False,False,False,0
6.2,-9.7,0.0,8.8,36,2025-01-20,True,False,False,True,10,False,False,False,0
6.2,-5.3,0.0,10.0,32,2025-01-21,True,False,False,True,11,False,False,False,0
5.4,-8.0,0.0,12.4,35,2025-01-22,True,False,False,True,12,False,False,False,0
5.7,-6.0,0.0,13.1,37,2025-01-23,True,False,False,True,13,False,False,False,0
2.9,-2.5,5.2,16.3,87,2025-01-24,True,False,False,False,1,False,False,True,2
-2.5,-13.2,3.9,13.0,79,2025-01-25,True,False,False,False,1,False,False,True,3
-12.3,-23.3,0.0,7.9,71,2025-01-26,True,False,False,True,2,False,False,False,0
-11.5,-24.2,0.0,6.4,76,2025-01-27,True,False,False,True,3,False,False,False,0
-6.8,-23.0,0.0,5.2,77,2025-01-28,True,False,False,True,4,False,False,False,0
-2.8,-19.7,0.0,5.8,74,2025-01-29,True,False,False,True,5,False,False,False,0
0.3,-15.2,0.0,6.8,68,2025-01-30,True,False,False,True,6,False,False,False,0
0.4,-11.5,0.0,7.5,68,2025-01-31,True,False,False,True,7,False,False,False,0
1.5,-10.3,0.0,14.2,67,2025-02-01,True,False,False,True,8,False,False,False,0
-1.1,-9.6,0.0,16.7,63,2025-02-02,True,False,False,True,9,False,False,False,0
-1.6,-13.9,0.0,12.7,62,2025-02-03,True,False,False,True,10,False,False,False,0
-1.1,-14.5,0.0,24.6,61,2025-02-04,True,False,False,True,11,True,False,False,0
-2.6,-15.5,0.0,20.9,52,2025-02-05,True,False,False,True,12,True,False,False,0
-6.6,-16.0,0.0,35.0,40,2025-02-06,True,False,False,True,13,True,False,False,0
-8.9,-22.2,0.0,22.8,38,2025-02-07,True,False,False,True,14,True,False,False,0
-4.2,-17.4,0.0,11.4,39,2025-02-08,True,False,False,True,15,False,False,False,0
1.5,-15.9,0.0,9.9,46,2025-02-09,True,False,False,True,16,False,False,False,0
7.7,-12.5,0.0,11.7,46,2025-02-10,True,False,False,True,17,False,False,False,0
2.4,-5.9,0.0,19.1,41,2025-02-11,True,False,False,True,18,True,False,False,0
0.4,-12.3,0.0,15.4,24,2025-02-12,True,False,False,True,19,False,True,False,0
4.0,-11.9,0.0,11.4,21,2025-02-13,True,False,False,True,20,False,False,False,0
7.4,-8.0,0.0,17.4,24,2025-02-14,True,False,False,True,21,True,True,False,0
5.4,-5.1,0.0,15.4,28,2025-02-15,True,False,False,True,22,False,True,False,0
5.4,-6.0,0.0,9.7,42,2025-02-16,True,False,False,True,23,False,False,False,0
7.1,-5.1,0.0,15.5,36,2025-02-17,True,False,False,True,24,False,False,False,0
4.4,-4.1,0.0,14.8,33,2025-02-18,True,False,False,True,25,False,False,False,0
4.1,-3.8,0.0,15.1,39,2025-02-19,True,False,False,True,26,False,False,False,0
4.3,-4.1,0.1,12.7,52,2025-02-20,True,False,False,True,27,False,False,False,0
3.3,-5.1,0.0,18.4,50,2025-02-21,True,False,False,True,28,True,False,False,0
-0.8,-8.8,0.0,16.0,25,2025-02-22,True,False,False,True,29,False,True,False,0
0.1,-10.1,0.0,13.4,16,2025-02-23,True,False,False,True,30,False,False,False,0
4.8,-8.2,0.0,10.2,21,2025-02-24,True,False,False,True,31,False,False,False,0
8.3,-6.3,0.0,12.3,32,2025-02-25,True,False,False,True,32,False,False,False,0
8.3,-5.8,0.0,9.9,34,2025-02-26,True,False,False,True,33,False,False,False,0
10.4,-4.7,0.0,9.5,32,2025-02-27,True,False,False,True,34,False,False,False,0
10.9,-5.0,0.0,12.0,36,2025-02-28,True,False,False,True,35,False,False,False,0
12.6,-2.2,0.8,22.3,52,2025-03-01,True,False,False,True,36,True,False,False,0
3.4,-0.6,6.9,17.1,84,2025-03-02,True,False,False,False,1,True,False,True,2
6.5,-2.7,0.8,12.4,82,2025-03-03,True,False,False,True,2,False,False,False,0
7.6,-3.8,0.0,8.7,77,2025-03-04,True,False,False,True,3,False,False,False,0
6.8,-2.7,0.0,14.2,73,2025-03-05,True,False,False,True,4,False,False,False,0
6.3,-4.3,0.1,10.8,60,2025-03-06,True,False,False,True,5,False,False,False,0
9.6,-4.0,0.0,13.0,62,2025-03-07,True,False,False,True,6,False,False,False,0
12.4,-2.3,0.0,15.2,52,2025-03-08,True,False,False,True,7,False,False,False,0
13.7,-1.3,0.0,17.8,57,2025-03-09,True,False,False,True,8,True,False,False,0
15.5,-0.5,0.2,15.9,59,2025-03-10,True,False,False,True,9,False,False,False,0
11.9,-0.1,0.0,18.3,50,2025-03-11,True,False,False,True,10,True,False,False,0
12.9,-4.1,0.0,10.0,44,2025-03-12,True,False,False,True,11,False,False,False,0
12.6,1.0,0.1,24.2,43,2025-03-13,False,False,False,True,12,True,False,False,0
10.3,0.6,0.3,31.2,51,2025-03-14,False,False,False,True,13,True,False,False,0
3.6,-4.1,0.0,27.9,46,2025-03-15,True,False,False,True,14,True,False,False,0
4.2,-6.5,0.0,14.0,26,2025-03-16,True,False,False,True,15,False,False,False,0
8.5,-7.2,0.0,16.3,27,2025-03-17,True,False,False,True,16,False,True,False,0
10.2,-3.8,0.0,11.1,28,2025-03-18,True,False,False,True,17,False,False,False,0
12.3,-4.1,0.0,9.8,28,2025-03-19,True,False,False,True,18,False,False,False,0
14.1,-2.8,0.0,8.7,26,2025-03-20,True,False,False,True,19,False,False,False,0
15.5,-2.7,0.0,10.2,23,2025-03-21,True,False,False,True,20,False,False,False,0
16.8,-0.2,0.0,17.6,21,2025-03-22,True,False,False,True,21,True,True,False,0
19.8,4.5,0.0,25.6,19,2025-03-23,False,False,False,True,22,True,True,False,0
23.3,5.2,0.0,27.4,17,2025-03-24,False,False,False,True,23,True,True,False,0
22.9,6.5,0.0,35.7,30,2025-03-25,False,False,False,True,24,True,True,False,0
13.7,2.0,0.9,31.6,24,2025-03-26,False,False,False,True,25,True,True,False,0
3.4,-2.4,0.0,30.4,20,2025-03-27,True,False,False,True,26,True,True,False,0
2.4,-8.7,0.0,22.4,19,2025-03-28,True,False,False,True,27,True,True,False,0
6.9,-6.2,0.0,13.4,24,2025-03-29,True,False,False,True,28,False,False,False,0
9.7,-3.7,0.0,11.1,25,2025-03-30,True,False,False,True,29,False,False,False,0
14.5,-2.6,0.0,16.6,22,2025-03-31,True,False,False,True,30,False,True,False,0
16.1,-0.9,0.0,12.9,19,2025-04-01,True,False,False,True,31,False,False,False,0
15.6,-1.7,0.0,12.3,33,2025-04-02,True,False,False,True,32,False,False,False,0
18.7,1.8,0.0,20.9,29,2025-04-03,False,False,False,True,33,True,True,False,0
16.1,3.3,0.0,17.1,26,2025-04-04,False,False,False,True,34,True,True,False,0
19.4,-1.5,0.0,17.4,24,2025-04-05,True,False,False,True,35,True,True,False,0
23.9,5.2,0.0,17.6,14,2025-04-06,False,False,False,True,36,True,True,False,0
22.9,2.3,0.1,13.8,22,2025-04-07,False,False,False,True,37,False,False,False,0
20.3,8.8,0.3,27.4,36,2025-04-08,False,False,False,True,38,True,False,False,0
19.8,6.4,0.0,13.9,19,2025-04-09,False,False,False,True,39,False,False,False,0
22.3,6.1,0.0,28.5,23,2025-04-10,False,False,False,True,40,True,True,False,0
14.6,-2.3,0.1,36.2,23,2025-04-11,True,False,False,True,41,True,True,False,0
11.5,-6.9,0.0,22.6,21,2025-04-12,True,False,False,True,42,True,True,False,0
20.2,2.4,0.0,22.9,29,2025-04-13,False,False,False,True,43,True,True,False,0
22.8,5.5,0.0,8.7,35,2025-04-14,False,False,False,True,44,False,False,False,0
25.9,8.2,0.0,24.8,26,2025-04-15,False,False,False,True,45,True,True,False,0
24.2,10.1,0.0,23.5,21,2025-04-16,False,False,False,True,46,True,True,False,0
27.1,8.7,0.0,29.4,23,2025-04-17,False,False,False,True,47,True,True,False,0
19.8,10.7,1.4,19.2,34,2025-04-18,False,False,False,False,1,True,False,True,2
26.0,7.0,0.0,18.8,33,2025-04-19,False,False,False,True,2,True,False,False,0
27.6,12.0,0.0,19.4,35,2025-04-20,False,False,False,True,3,True,False,False,0
19.5,8.8,1.8,29.8,39,2025-04-21,False,False,False,False,1,True,False,True,2
21.0,2.3,0.0,12.5,26,2025-04-22,False,False,False,True,2,False,False,False,0
23.8,8.2,0.0,26.2,20,2025-04-23,False,False,False,True,3,True,True,False,0
22.7,6.0,0.0,11.8,19,2025-04-24,False,False,False,True,4,False,False,False,0
26.2,9.2,0.0,20.7,18,2025-04-25,False,False,False,True,5,True,True,False,0
24.8,14.3,0.0,31.3,19,2025-04-26,False,False,False,True,6,True,True,False,0
18.7,8.3,0.0,20.5,15,2025-04-27,False,False,False,True,7,True,True,False,0
22.0,5.9,0.0,14.5,14,2025-04-28,False,False,False,True,8,False,False,False,0
25.2,8.7,0.1,25.0,21,2025-04-29,False,False,False,True,9,True,True,False,0
23.6,13.7,0.3,19.6,33,2025-04-30,False,False,False,True,10,True,False,False,0
30.8,13.6,0.0,22.9,23,2025-05-01,False,False,False,True,11,True,True,False,0
26.4,11.9,0.0,39.4,32,2025-05-02,False,False,False,True,12,True,False,False,0
20.8,6.6,0.0,12.5,31,2025-05-03,False,False,False,True,13,False,False,False,0
13.9,7.3,5.5,26.5,44,2025-05-04,False,False,False,False,1,True,False,True,2
16.7,8.1,0.3,33.9,35,2025-05-05,False,False,False,True,2,True,False,False,0
24.6,5.3,0.0,11.4,35,2025-05-06,False,False,False,True,3,False,False,False,0
21.9,12.0,0.1,19.5,40,2025-05-07,False,False,False,True,4,True,False,False,0
17.8,9.0,0.0,15.0,46,2025-05-08,False,False,False,True,5,False,False,False,0
18.1,5.9,0.2,26.8,44,2025-05-09,False,False,False,True,6,True,False,False,0
21.6,6.5,0.0,11.9,32,2025-05-10,False,False,False,True,7,False,False,False,0
27.4,8.6,0.0,17.7,18,2025-05-11,False,False,False,True,8,True,True,False,0
28.1,13.6,0.0,22.0,20,2025-05-12,False,False,False,True,9,True,True,False,0
28.3,15.3,0.2,26.1,30,2025-05-13,False,False,False,True,10,True,True,False,0
27.2,12.0,0.0,14.1,37,2025-05-14,False,False,False,True,11,False,False,False,0
30.7,14.3,0.0,11.1,22,2025-05-15,False,False,False,True,12,False,False,False,0
29.3,16.3,0.0,28.4,17,2025-05-16,False,False,False,True,13,True,True,False,0
22.1,8.8,0.0,25.3,26,2025-05-17,False,False,False,True,14,True,True,False,0
30.9,11.2,0.0,18.7,24,2025-05-18,False,False,False,True,15,True,True,False,0
35.5,18.7,0.0,19.7,16,2025-05-19,False,True,False,True,16,True,True,False,0
36.9,18.8,0.0,20.9,17,2025-05-20,False,True,False,True,17,True,True,False,0
34.3,20.2,0.0,20.3,21,2025-05-21,False,False,False,True,18,True,True,False,0
22.7,12.1,3.1,26.9,53,2025-05-22,False,False,False,False,1,True,False,True,2
21.5,9.3,0.0,26.3,41,2025-05-23,False,False,False,True,2,True,False,False,0
24.3,9.4,0.0,12.7,39,2025-05-24,False,False,False,True,3,False,False,False,0
24.0,11.4,0.1,13.9,41,2025-05-25,False,False,False,True,4,False,False,False,0
27.4,11.8,0.0,12.6,38,2025-05-26,False,False,False,True,5,False,False,False,0
29.4,14.6,0.0,24.1,39,2025-05-27,False,False,False,True,6,True,False,False,0
31.6,16.6,0.0,24.3,36,2025-05-28,False,False,False,True,7,True,False,False,0
32.2,18.1,0.0,26.7,36,2025-05-29,False,False,False,True,8,True,False,False,0
25.2,14.2,0.5,31.5,43,2025-05-30,False,False,False,True,9,True,False,False,0
26.8,11.0,0.0,11.4,44,2025-05-31,False,False,False,True,10,False,False,False,0
28.8,16.9,0.0,15.7,30,2025-06-01,False,False,False,True,11,False,True,False,0
27.8,14.9,0.0,19.1,17,2025-06-02,False,False,False,True,12,True,True,False,0
28.9,13.1,0.0,12.1,20,2025-06-03,False,False,False,True,13,False,False,False,0
32.1,15.1,0.0,18.1,21,2025-06-04,False,False,False,True,14,True,True,False,0
30.9,17.0,0.0,11.1,24,2025-06-05,False,False,False,True,15,False,False,False,0
34.4,17.8,0.0,13.7,21,2025-06-06,False,False,False,True,16,False,False,False,0
33.2,20.6,0.0,25.0,19,2025-06-07,False,False,False,True,17,True,True,False,0
33.5,21.2,0.1,21.6,23,2025-06-08,False,False,False,True,18,True,True,False,0
33.5,20.6,0.0,24.9,23,2025-06-09,False,False,False,True,19,True,True,False,0
33.1,17.6,0.0,12.0,23,2025-06-10,False,False,False,True,20,False,False,False,0
37.3,19.4,0.0,16.4,20,2025-06-11,False,True,False,True,21,False,True,False,0
33.7,22.0,0.0,28.9,23,2025-06-12,False,False,False,True,22,True,True,False,0
31.3,19.0,2.1,22.3,34,2025-06-13,False,False,False,False,1,True,False,True,2
21.5,15.2,1.7,27.1,57,2025-06-14,False,False,False,False,1,True,False,True,3
28.2,12.7,0.0,27.9,35,2025-06-15,False,False,False,True,2,True,False,False,0
32.5,15.1,0.0,12.9,28,2025-06-16,False,False,False,True,3,False,False,False,0
30.2,18.0,0.2,9.6,30,2025-06-17,False,False,False,True,4,False,False,False,0
32.9,19.5,0.0,20.4,36,2025-06-18,False,False,False,True,5,True,False,False,0
30.2,20.0,0.1,19.8,41,2025-06-19,False,False,False,True,6,True,False,False,0
33.0,16.8,0.0,11.3,43,2025-06-20,False,False,False,True,7,False,False,False,0
33.1,17.9,0.0,8.4,32,2025-06-21,False,False,False,True,8,False,False,False,0
29.9,19.1,0.2,27.5,44,2025-06-22,False,False,False,True,9,True,False,False,0
26.5,18.4,4.7,15.8,60,2025-06-23,False,False,False,False,1,False,False,True,2
26.7,18.9,0.1,17.6,56,2025-06-24,False,False,False,True,2,True,False,False,0
25.4,18.0,1.0,18.3,51,2025-06-25,False,False,False,False,1,True,False,True,2
27.3,16.1,0.4,10.8,53,2025-06-26,False,False,False,True,2,False,False,False,0
25.2,17.1,5.1,13.6,75,2025-06-27,False,False,False,False,1,False,False,True,2
29.8,16.5,0.0,10.2,57,2025-06-28,False,False,False,True,2,False,False,False,0
30.0,18.4,3.5,11.7,56,2025-06-29,False,False,False,False,1,False,False,True,2
26.7,17.2,10.1,7.4,74,2025-06-30,False,False,False,False,1,False,False,True,3
27.8,17.6,0.0,11.7,63,2025-07-01,False,False,False,True,2,False,False,False,0
30.1,19.1,0.2,12.2,62,2025-07-02,False,False,False,True,3,False,False,False,0
33.6,18.4,0.0,9.1,54,2025-07-03,False,False,False,True,4,False,False,False,0
23.4,16.7,7.6,18.3,72,2025-07-04,False,False,False,False,1,True,False,True,2
28.3,13.7,0.0,5.9,66,2025-07-05,False,False,False,True,2,False,False,False,0
28.7,18.5,0.0,12.7,53,2025-07-06,False,False,False,True,3,False,False,False,0
33.3,17.7,0.0,10.8,47,2025-07-07,False,False,False,True,4,False,False,False,0
31.8,20.7,1.4,18.0,58,2025-07-08,False,False,False,False,1,True,False,True,2
31.7,18.1,0.5,10.7,55,2025-07-09,False,False,False,True,2,False,False,False,0
36.5,20.0,0.1,20.5,47,2025-07-10,False,True,False,True,3,True,False,False,0
34.7,22.9,0.6,23.7,50,2025-07-11,False,False,False,True,4,True,False,False,0
35.0,23.5,0.0,21.9,47,2025-07-12,False,True,False,True,5,True,False,False,0
37.2,23.4,0.0,20.3,42,2025-07-13,False,True,False,True,6,True,False,False,0
37.5,24.7,0.0,15.0,39,2025-07-14,False,True,False,True,7,False,False,False,0
38.6,26.5,0.0,16.9,32,2025-07-15,False,True,True,True,8,False,False,False,0
36.4,24.4,0.1,13.5,33,2025-07-16,False,True,False,True,9,False,False,False,0
36.5,23.9,0.1,16.4,33,2025-07-17,False,True,False,True,10,False,False,False,0
35.1,23.5,6.5,19.7,58,2025-07-18,False,True,False,False,1,True,False,True,2
27.4,21.6,12.1,15.2,85,2025-07-19,False,False,False,False,1,False,False,True,3
28.3,19.5,0.3,7.5,67,2025-07-20,False,False,False,True,2,False,False,False,0
31.4,17.1,0.0,14.9,56,2025-07-21,False,False,False,True,3,False,False,False,0
31.6,18.5,1.0,17.8,60,2025-07-22,False,False,False,False,1,True,False,True,2
33.6,21.2,0.4,14.3,62,2025-07-23,False,False,False,True,2,False,False,False,0
24.6,21.1,13.2,13.0,89,2025-07-24,False,False,False,False,1,False,False,True,2
27.5,19.7,0.5,10.3,83,2025-07-25,False,False,False,True,2,False,False,False,0
30.2,19.4,0.3,10.6,77,2025-07-26,False,False,False,True,3,False,False,False,0
31.5,20.1,0.0,8.7,72,2025-07-27,False,False,False,True,4,False,False,False,0
33.2,22.4,0.0,14.9,65,2025-07-28,False,False,False,True,5,False,False,False,0
33.2,21.5,0.0,18.8,56,2025-07-29,False,False,False,True,6,True,False,False,0
35.0,19.0,4.1,13.2,51,2025-07-30,False,True,False,False,1,False,False,True,2
25.3,20.4,10.2,19.4,87,2025-07-31,False,False,False,False,1,True,False,True,3
29.1,19.7,0.6,6.0,82,2025-08-01,False,False,False,True,2,False,False,False,0
31.8,21.1,1.6,11.1,75,2025-08-02,False,False,False,False,1,False,False,True,2
31.7,21.6,6.0,13.1,78,2025-08-03,False,False,False,False,1,False,False,True,3
25.9,21.8,4.2,13.5,87,2025-08-04,False,False,False,False,1,False,False,True,4
28.6,21.0,0.0,7.8,79,2025-08-05,False,False,False,True,2,False,False,False,0
28.1,20.5,0.0,6.7,74,2025-08-06,False,False,False,True,3,False,False,False,0
29.6,20.0,16.5,14.7,73,2025-08-07,False,False,False,False,1,False,False,True,2
24.8,19.4,15.6,11.0,85,2025-08-08,False,False,False,False,1,False,False,True,3
28.5,18.1,0.0,9.5,73,2025-08-09,False,False,False,True,2,False,False,False,0
29.1,19.5,1.8,12.6,72,2025-08-10,False,False,False,False,1,False,False,True,2
31.0,17.4,0.5,13.2,68,2025-08-11,False,False,False,True,2,False,False,False,0
29.4,19.4,0.7,20.5,55,2025-08-12,False,False,False,True,3,True,False,False,0
30.0,15.7,0.0,9.0,53,2025-08-13,False,False,False,True,4,False,False,False,0
32.1,17.0,0.0,14.8,56,2025-08-14,False,False,False,True,5,False,False,False,0
32.1,19.4,0.0,12.2,54,2025-08-15,False,False,False,True,6,False,False,False,0
33.5,20.5,0.0,14.8,55,2025-08-16,False,False,False,True,7,False,False,False,0
33.4,22.0,0.0,10.1,54,2025-08-17,False,False,False,True,8,False,False,False,0
32.4,22.2,0.0,14.9,53,2025-08-18,False,False,False,True,9,False,False,False,0
32.9,21.3,0.2,15.0,59,2025-08-19,False,False,False,True,10,False,False,False,0
29.5,20.2,0.3,16.8,64,2025-08-20,False,False,False,True,11,False,False,False,0
25.4,16.5,2.3,11.9,66,2025-08-21,False,False,False,False,1,False,False,True,2
24.9,14.8,2.0,16.4,68,2025-08-22,False,False,False,False,1,False,False,True,3
25.1,14.0,0.1,8.0,74,2025-08-23,False,False,False,True,2,False,False,False,0
26.6,14.9,0.0,8.8,66,2025-08-24,False,False,False,True,3,False,False,False,0
29.0,16.8,0.0,14.5,61,2025-08-25,False,False,False,True,4,False,False,False,0
24.5,17.8,27.2,18.8,86,2025-08-26,False,False,False,False,1,True,False,True,2
21.0,16.9,2.3,14.2,84,2025-08-27,False,False,False,False,1,False,False,True,3
22.2,15.4,0.5,17.7,82,2025-08-28,False,False,False,True,2,True,False,False,0
25.5,14.0,0.0,19.2,64,2025-08-29,False,False,False,True,3,True,False,False,0
25.7,13.5,0.0,9.9,72,2025-08-30,False,False,False,True,4,False,False,False,0
27.5,13.9,0.0,10.9,67,2025-08-31,False,False,False,True,5,False,False,False,0
30.4,16.6,0.0,8.9,57,2025-09-01,False,False,False,True,6,False,False,False,0
23.0,16.7,5.3,10.0,71,2025-09-02,False,False,False,False,1,False,False,True,2
26.4,13.6,0.0,8.7,71,2025-09-03,False,False,False,True,2,False,False,False,0
28.0,16.8,0.1,10.1,69,2025-09-04,False,False,False,True,3,False,False,False,0
24.2,14.9,0.2,11.7,62,2025-09-05,False,False,False,True,4,False,False,False,0
27.9,11.7,0.0,13.9,56,2025-09-06,False,False,False,True,5,False,False,False,0
26.8,14.3,0.0,10.1,52,2025-09-07,False,False,False,True,6,False,False,False,0
30.1,13.4,0.0,9.8,46,2025-09-08,False,False,False,True,7,False,False,False,0
30.6,16.7,0.0,15.2,47,2025-09-09,False,False,False,True,8,False,False,False,0
30.9,17.0,0.0,11.0,58,2025-09-10,False,False,False,True,9,False,False,False,0
28.8,18.4,2.1,21.5,67,2025-09-11,False,False,False,False,1,True,False,True,2
28.6,16.3,0.3,8.0,68,2025-09-12,False,False,False,True,2,False,False,False,0
28.7,17.1,0.0,12.1,47,2025-09-13,False,False,False,True,3,False,False,False,0
29.7,14.1,0.0,11.9,37,2025-09-14,False,False,False,True,4,False,False,False,0
29.4,17.3,0.0,22.5,45,2025-09-15,False,False,False,True,5,True,False,False,0
22.0,14.2,3.2,23.1,47,2025-09-16,False,False,False,False,1,True,False,True,2
21.7,12.8,0.1,7.5,61,2025-09-17,False,False,False,True,2,False,False,False,0
20.4,13.3,4.9,14.7,68,2025-09-18,False,False,False,False,1,False,False,True,2
23.7,12.2,0.0,9.4,72,2025-09-19,False,False,False,True,2,False,False,False,0
22.0,14.3,0.0,11.3,64,2025-09-20,False,False,False,True,3,False,False,False,0
17.3,12.2,7.1,11.3,81,2025-09-21,False,False,False,False,1,False,False,True,2
21.6,8.9,4.5,19.7,78,2025-09-22,False,False,False,False,1,True,False,True,3
21.6,9.7,6.5,16.3,67,2025-09-23,False,False,False,False,1,False,False,True,4
22.0,7.6,0.0,13.3,64,2025-09-24,False,False,False,True,2,False,False,False,0
21.9,13.0,0.2,12.5,61,2025-09-25,False,False,False,True,3,False,False,False,0
22.3,12.4,0.2,8.5,71,2025-09-26,False,False,False,True,4,False,False,False,0
22.8,12.4,0.3,6.7,77,2025-09-27,False,False,False,True,5,False,False,False,0
23.3,11.8,0.0,11.5,64,2025-09-28,False,False,False,True,6,False,False,False,0
23.9,13.1,0.0,13.2,59,2025-09-29,False,False,False,True,7,False,False,False,0
24.1,10.6,0.0,10.9,61,2025-09-30,False,False,False,True,8,False,False,False,0
19.3,12.3,0.2,18.0,63,2025-10-01,False,False,False,True,9,True,False,False,0
21.8,9.0,0.0,10.0,69,2025-10-02,False,False,False,True,10,False,False,False,0
20.9,9.8,0.0,9.0,78,2025-10-03,False,False,False,True,11,False,False,False,0
22.8,12.5,0.0,9.7,63,2025-10-04,False,False,False,True,12,False,False,False,0
16.7,10.3,1.0,22.0,56,2025-10-05,False,False,False,False,1,True,False,True,2
19.3,7.8,0.0,10.5,74,2025-10-06,False,False,False,True,2,False,False,False,0
18.3,12.5,1.6,14.4,53,2025-10-07,False,False,False,False,1,False,False,True,2
13.2,10.3,8.6,18.4,86,2025-10-08,False,False,False,False,1,True,False,True,3
13.9,10.0,1.6,8.1,84,2025-10-09,False,False,False,False,1,False,False,True,4
11.1,9.3,4.0,7.4,92,2025-10-10,False,False,False,False,1,False,False,True,5
13.3,8.0,0.1,6.4,81,2025-10-11,False,False,False,True,2,False,False,False,0
17.1,9.4,0.2,12.7,77,2025-10-12,False,False,False,True,3,False,False,False,0
20.1,6.6,0.0,13.8,71,2025-10-13,False,False,False,True,4,False,False,False,0
18.6,8.9,0.1,13.0,77,2025-10-14,False,False,False,True,5,False,False,False,0
18.3,7.8,0.0,8.5,82,2025-10-15,False,False,False,True,6,False,False,False,0
17.0,7.4,0.0,31.9,73,2025-10-16,False,False,False,True,7,True,False,False,0
9.9,3.3,0.0,15.7,50,2025-10-17,False,False,False,True,8,False,False,False,0
14.3,3.4,0.0,18.3,63,2025-10-18,False,False,False,True,9,True,False,False,0
6.2,-2.7,0.0,15.0,60,2025-10-19,True,False,False,True,10,False,False,False,0
10.1,-0.7,0.0,15.4,65,2025-10-20,True,False,False,True,11,False,False,False,0
12.3,3.9,0.1,13.6,79,2025-10-21,False,False,False,True,12,False,False,False,0
13.9,7.0,0.0,11.1,76,2025-10-22,False,False,False,True,13,False,False,False,0
12.9,4.4,0.0,12.4,79,2025-10-23,False,False,False,True,14,False,False,False,0
14.3,4.3,0.0,10.2,78,2025-10-24,False,False,False,True,15,False,False,False,0
13.5,5.4,0.5,18.9,80,2025-10-25,False,False,False,True,16,True,False,False,0
10.4,0.5,0.0,11.0,61,2025-10-26,False,False,False,True,17,False,False,False,0
13.1,0.6,0.0,8.7,68,2025-10-27,False,False,False,True,18,False,False,False,0
16.3,0.2,0.0,8.3,75,2025-10-28,False,False,False,True,19,False,False,False,0
15.7,2.0,0.0,8.0,72,2025-10-29,False,False,False,True,20,False,False,False,0
14.8,2.3,0.0,14.6,68,2025-10-30,False,False,False,True,21,False,False,False,0
14.2,1.6,0.0,6.8,66,2025-10-31,False,False,False,True,22,False,False,False,0
13.9,0.2,0.0,8.2,68,2025-11-01,False,False,False,True,23,False,False,False,0
13.4,-0.3,0.0,9.6,63,2025-11-02,True,False,False,True,24,False,False,False,0
15.2,1.3,0.0,11.4,65,2025-11-03,False,False,False,True,25,False,False,False,0
15.3,2.9,0.0,9.7,78,2025-11-04,False,False,False,True,26,False,False,False,0
13.6,4.3,0.1,11.5,80,2025-11-05,False,False,False,True,27,False,False,False,0
12.6,8.2,5.0,13.5,87,2025-11-06,False,False,False,False,1,False,False,True,2
11.5,4.7,0.1,9.8,65,2025-11-07,False,False,False,True,2,False,False,False,0
11.2,0.1,0.0,18.4,58,2025-11-08,False,False,False,True,3,True,False,False,0
10.8,-2.8,0.0,10.6,60,2025-11-09,True,False,False,True,4,False,False,False,0
11.0,-0.6,0.0,11.7,64,2025-11-10,True,False,False,True,5,False,False,False,0
12.4,0.8,0.0,11.9,80,2025-11-11,False,False,False,True,6,False,False,False,0
10.3,0.8,0.0,13.9,59,2025-11-12,False,False,False,True,7,False,False,False,0
9.8,-3.4,0.0,10.4,63,2025-11-13,True,False,False,True,8,False,False,False,0
13.6,-1.3,0.0,16.7,41,2025-11-14,True,False,False,True,9,False,False,False,0
11.7,-2.5,0.0,16.2,52,2025-11-15,True,False,False,True,10,False,False,False,0
0.4,-6.9,0.0,22.7,43,2025-11-16,True,False,False,True,11,True,False,False,0
-3.4,-9.3,0.0,13.0,29,2025-11-17,True,False,False,True,12,False,False,False,0
1.4,-9.9,0.0,7.4,32,2025-11-18,True,False,False,True,13,False,False,False,0
5.5,-6.9,0.0,11.3,34,2025-11-19,True,False,False,True,14,False,False,False,0
5.5,-4.8,0.0,8.3,45,2025-11-20,True,False,False,True,15,False,False,False,0
6.3,-7.5,0.0,6.0,48,2025-11-21,True,False,False,True,16,False,False,False,0
8.3,-4.2,0.0,19.2,41,2025-11-22,True,False,False,True,17,True,False,False,0
10.4,0.9,0.0,21.8,39,2025-11-23,False,False,False,True,18,True,False,False,0
1.6,-5.2,0.0,16.3,38,2025-11-24,True,False,False,True,19,False,False,False,0
9.2,-4.8,0.0,26.4,33,2025-11-25,True,False,False,True,20,True,False,False,0
2.3,-3.2,0.2,26.9,37,2025-11-26,True,False,False,True,21,True,False,False,0
10.6,-2.4,0.0,24.8,28,2025-11-27,True,False,False,True,22,True,True,False,0
12.8,0.6,0.0,22.5,19,2025-11-28,False,False,False,True,23,True,True,False,0
12.6,-1.6,0.0,12.2,29,2025-11-29,True,False,False,True,24,False,False,False,0
4.4,-5.8,0.0,18.4,27,2025-11-30,True,False,False,True,25,True,True,False,0
4.2,-9.5,0.0,20.3,31,2025-12-01,True,False,False,True,26,True,False,False,0
-3.4,-11.6,0.0,13.6,39,2025-12-02,True,False,False,True,27,False,False,False,0
2.8,-13.1,0.0,11.9,51,2025-12-03,True,False,False,True,28,False,False,False,0
1.7,-10.0,0.0,7.6,46,2025-12-04,True,False,False,True,29,False,False,False,0
10.1,-8.0,0.0,15.0,30,2025-12-05,True,False,False,True,30,False,True,False,0
9.9,-3.8,0.0,15.0,32,2025-12-06,True,False,False,True,31,False,False,False,0
5.9,-3.9,0.0,16.7,41,2025-12-07,True,False,False,True,32,False,False,False,0
6.7,-6.3,0.0,16.3,49,2025-12-08,True,False,False,True,33,False,False,False,0
6.7,-8.0,0.0,7.3,55,2025-12-09,True,False,False,True,34,False,False,False,0
6.1,-6.2,0.0,12.6,62,2025-12-10,True,False,False,True,35,False,False,False,0
4.2,-5.8,0.0,15.8,58,2025-12-11,True,False,False,True,36,False,False,False,0
0.0,-5.3,0.0,18.2,47,2025-12-12,True,False,False,True,37,True,False,False,0
-4.6,-13.9,0.0,14.8,50,2025-12-13,True,False,False,True,38,False,False,False,0
3.4,-16.3,0.0,11.7,48,2025-12-14,True,False,False,True,39,False,False,False,0
5.7,-9.0,0.1,9.0,49,2025-12-15,True,False,False,True,40,False,False,False,0
5.2,-5.6,0.0,10.6,44,2025-12-16,True,False,False,True,41,False,False,False,0
5.4,-7.8,0.0,9.8,52,2025-12-17,True,False,False,True,42,False,False,False,0
8.0,-7.1,0.0,14.9,53,2025-12-18,True,False,False,True,43,False,False,False,0
3.0,-4.7,0.0,17.1,53,2025-12-19,True,False,False,True,44,True,False,False,0
1.0,-6.0,0.0,17.1,37,2025-12-20,True,False,False,True,45,True,False,False,0
3.2,-9.9,0.0,12.2,56,2025-12-21,True,False,False,True,46,False,False,False,0
4.3,-8.0,0.1,17.4,58,2025-12-22,True,False,False,True,47,True,False,False,0
0.8,-6.3,0.0,15.3,48,2025-12-23,True,False,False,True,48,False,False,False,0
0.6,-10.0,0.0,12.3,49,2025-12-24,True,False,False,True,49,False,False,False,0
0.7,-11.3,0.0,6.9,48,2025-12-25,True,False,False,True,50,False,False,False,0
3.6,-7.6,0.0,10.1,46,2025-12-26,True,False,False,True,51,False,False,False,0
3.8,-12.1,0.0,12.3,61,2025-12-27,True,False,False,True,52,False,False,False,0
4.7,-7.5,0.0,14.6,53,2025-12-28,True,False,False,True,53,False,False,False,0
3.2,-8.9,0.0,12.8,58,2025-12-29,True,False,False,True,54,False,False,False,0
0.8,-8.2,0.0,16.6,48,2025-12-30,True,False,False,True,55,False,False,False,0
-3.2,-7.0,1.1,16.5,45,2025-12-31,True,False,False,False,1,False,False,True,2
-1.3,-10.7,0.0,8.4,53,2026-01-01,True,False,False,True,2,False,False,False,0
-1.1,-12.1,0.0,11.1,50,2026-01-02,True,False,False,True,3,False,False,False,0
0.5,-5.2,0.2,7.8,59,2026-01-03,True,False,False,True,4,False,False,False,0
-1.3,-10.6,0.0,11.8,66,2026-01-04,True,False,False,True,5,False,False,False,0
-4.6,-9.7,0.0,12.6,61,2026-01-05,True,False,False,True,6,False,False,False,0
-0.1,-14.3,0.0,11.5,57,2026-01-06,True,False,False,True,7,False,False,False,0
-1.1,-7.9,0.0,16.4,55,2026-01-07,True,False,False,True,8,False,False,False,0
4.4,-11.6,0.0,19.8,50,2026-01-08,True,False,False,True,9,True,False,False,0
2.0,-3.7,0.0,25.0,29,2026-01-09,True,False,False,True,10,True,True,False,0
-3.3,-12.2,0.0,18.8,25,2026-01-10,True,False,False,True,11,True,True,False,0
5.0,-14.8,0.0,18.5,31,2026-01-11,True,False,False,True,12,True,False,False,0
7.0,-3.8,0.0,19.1,25,2026-01-12,True,False,False,True,13,True,True,False,0
9.3,-8.0,0.0,13.1,30,2026-01-13,True,False,False,True,14,False,False,False,0
7.3,-1.5,0.0,19.9,29,2026-01-14,True,False,False,True,15,True,True,False,0
9.7,-2.4,0.0,23.3,27,2026-01-15,True,False,False,True,16,True,True,False,0
2.6,-6.0,0.0,10.6,38,2026-01-16,True,False,False,True,17,False,False,False,0
6.5,-10.2,0.0,17.3,37,2026-01-17,True,False,False,True,18,True,False,False,0
-4.3,-11.5,0.2,15.7,39,2026-01-18,True,False,False,True,19,False,False,False,0
-10.6,-16.7,0.0,17.7,35,2026-01-19,True,False,False,True,20,True,False,False,0
-7.3,-17.4,0.0,15.8,29,2026-01-20,True,False,False,True,21,False,True,False,0
-4.4,-17.2,0.0,12.9,37,2026-01-21,True,False,False,True,22,False,False,False,0
-0.9,-15.3,0.0,14.1,44,2026-01-22,True,False,False,True,23,False,False,False,0
1.8,-14.0,0.0,13.5,48,2026-01-23,True,False,False,True,24,False,False,False,0
4.0,-10.8,0.0,18.4,50,2026-01-24,True,False,False,True,25,True,False,False,0
0.6,-5.1,0.0,13.0,40,2026-01-25,True,False,False,True,26,False,False,False,0
2.0,-10.3,0.0,9.7,39,2026-01-26,True,False,False,True,27,False,False,False,0
3.7,-8.9,0.0,8.5,35,2026-01-27,True,False,False,True,28,False,False,False,0
4.1,-10.7,0.0,14.4,35,2026-01-28,True,False,False,True,29,False,False,False,0
2.7,-4.4,0.0,13.4,32,2026-01-29,True,False,False,True,30,False,False,False,0
3.7,-7.4,0.0,16.6,53,2026-01-30,True,False,False,True,31,False,False,False,0
1.8,-8.7,0.0,8.2,57,2026-01-31,True,False,False,True,32,False,False,False,0
3.4,-10.1,0.0,7.9,47,2026-02-01,True,False,False,True,33,False,False,False,0
4.3,-9.8,0.0,12.3,35,2026-02-02,True,False,False,True,34,False,False,False,0
5.8,-8.3,0.0,8.3,38,2026-02-03,True,False,False,True,35,False,False,False,0
8.9,-9.3,0.0,9.4,41,2026-02-04,True,False,False,True,36,False,False,False,0
3.9,-3.6,0.0,16.9,38,2026-02-05,True,False,False,True,37,False,False,False,0
-1.3,-7.6,0.4,18.5,34,2026-02-06,True,False,False,True,38,True,False,False,0
-0.2,-13.1,0.0,8.8,30,2026-02-07,True,False,False,True,39,False,False,False,0
4.4,-12.5,0.0,15.5,27,2026-02-08,True,False,False,True,40,False,True,False,0
5.5,-4.0,0.0,17.3,28,2026-02-09,True,False,False,True,41,True,True,False,0
4.0,-4.4,0.0,11.6,40,2026-02-10,True,False,False,True,42,False,False,False,0
7.0,-9.2,0.0,10.0,39,2026-02-11,True,False,False,True,43,False,False,False,0
9.3,-7.5,0.0,8.9,32,2026-02-12,True,False,False,True,44,False,False,False,0
14.9,-8.4,0.0,7.8,26,2026-02-13,True,False,False,True,45,False,False,False,0
7.2,-2.8,0.0,23.4,32,2026-02-14,True,False,False,True,46,True,False,False,0
0.5,-6.8,0.0,18.2,13,2026-02-15,True,False,False,True,47,True,True,False,0
3.1,-7.6,0.0,12.8,15,2026-02-16,True,False,False,True,48,False,False,False,0
5.3,-6.8,0.0,11.5,23,2026-02-17,True,False,False,True,49,False,False,False,0
8.6,-8.0,0.0,8.5,39,2026-02-18,True,False,False,True,50,False,False,False,0
11.7,-1.7,0.0,24.6,33,2026-02-19,True,False,False,True,51,True,False,False,0
18.1,2.4,0.0,22.4,24,2026-02-20,False,False,False,True,52,True,True,False,0
10.3,2.4,0.0,31.7,21,2026-02-21,False,False,False,True,53,True,True,False,0
7.6,-7.6,0.0,26.9,17,2026-02-22,True,False,False,True,54,True,True,False,0
11.1,-4.1,0.0,17.7,25,2026-02-23,True,False,False,True,55,True,True,False,0
14.0,-3.0,0.0,13.7,32,2026-02-24,True,False,False,True,56,False,False,False,0
9.9,-1.0,0.0,16.9,36,2026-02-25,True,False,False,True,57,False,False,False,0
9.7,-3.5,0.0,14.3,21,2026-02-26,True,False,False,True,58,False,False,False,0
11.9,-2.8,0.0,12.3,38,2026-02-27,True,False,False,True,59,False,False,False,0
12.4,-1.7,0.0,10.1,56,2026-02-28,True,False,False,True,60,False,False,False,0
10.3,-0.5,0.3,13.7,50,2026-03-01,True,False,False,True,61,False,False,False,0
15.5,1.7,0.0,21.8,56,2026-03-02,False,False,False,True,62,True,False,False,0
11.2,-3.3,0.0,11.1,29,2026-03-03,True,False,False,True,63,False,False,False,0
11.3,-2.1,0.0,16.5,38,2026-03-04,True,False,False,True,64,False,False,False,0
8.1,-2.7,0.0,19.3,24,2026-03-05,True,False,False,True,65,True,True,False,0
7.2,-4.7,0.0,18.9,23,2026-03-06,True,False,False,True,66,True,True,False,0
9.9,-4.2,0.0,12.1,40,2026-03-07,True,False,False,True,67,False,False,False,0
10.4,0.7,0.0,10.0,30,2026-03-08,False,False,False,True,68,False,False,False,0
13.0,-3.4,0.0,10.2,31,2026-03-09,True,False,False,True,69,False,False,False,0
17.2,-1.7,0.0,13.6,36,2026-03-10,True,False,False,True,70,False,False,False,0
18.9,-0.8,0.0,12.2,27,2026-03-11,True,False,False,True,71,False,False,False,0
18.3,3.6,0.0,20.2,33,2026-03-12,False,False,False,True,72,True,False,False,0
8.5,1.3,1.3,17.2,42,2026-03-13,False,False,False,False,1,True,False,True,2
5.7,-1.5,0.2,12.2,61,2026-03-14,True,False,False,True,2,False,False,False,0
6.3,-3.9,0.0,11.5,53,2026-03-15,True,False,False,True,3,False,False,False,0
12.4,-2.6,0.0,15.1,51,2026-03-16,True,False,False,True,4,False,False,False,0
10.2,1.7,0.0,33.2,20,2026-03-17,False,False,False,True,5,True,True,False,0
4.9,-5.3,0.0,25.1,29,2026-03-18,True,False,False,True,6,True,True,False,0
10.3,-3.4,0.0,9.6,23,2026-03-19,True,False,False,True,7,False,False,False,0
15.1,-0.3,0.0,19.4,20,2026-03-20,True,False,False,True,8,True,True,False,0
14.4,-0.8,0.0,25.6,24,2026-03-21,True,False,False,True,9,True,True,False,0
10.6,-0.9,0.0,12.9,25,2026-03-22,True,False,False,True,10,False,False,False,0
16.7,0.6,0.0,16.4,24,2026-03-23,False,False,False,True,11,False,True,False,0
19.1,3.0,0.0,17.9,19,2026-03-24,False,False,False,True,12,True,True,False,0
19.5,2.5,0.0,7.0,23,2026-03-25,False,False,False,True,13,False,False,False,0
20.3,4.4,0.0,7.9,24,2026-03-26,False,False,False,True,14,False,False,False,0
18.9,6.9,0.5,20.1,29,2026-03-27,False,False,False,True,15,True,True,False,0
12.5,3.8,2.6,16.6,56,2026-03-28,False,False,False,False,1,False,False,True,2
14.7,0.7,0.0,10.2,56,2026-03-29,False,False,False,True,2,False,False,False,0
13.6,3.2,0.3,19.9,57,2026-03-30,False,False,False,True,3,True,False,False,0
17.1,1.6,0.0,17.3,49,2026-03-31,False,False,False,True,4,True,False,False,0
20.3,2.7,0.0,24.1,29,2026-04-01,False,False,False,True,5,True,True,False,0
22.6,5.3,0.0,17.8,23,2026-04-02,False,False,False,True,6,True,True,False,0
17.3,8.0,0.0,22.7,19,2026-04-03,False,False,False,True,7,True,True,False,0
21.5,3.7,0.0,27.6,18,2026-04-04,False,False,False,True,8,True,True,False,0
19.5,2.7,0.0,17.5,16,2026-04-05,False,False,False,True,9,True,True,False,0
22.5,4.2,0.0,14.4,16,2026-04-06,False,False,False,True,10,False,False,False,0
25.8,6.5,0.0,24.1,21,2026-04-07,False,False,False,True,11,True,True,False,0
24.6,11.1,0.0,20.8,39,2026-04-08,False,False,False,True,12,True,False,False,0
21.3,9.2,0.0,12.8,18,2026-04-09,False,False,False,True,13,False,False,False,0
22.2,6.9,0.0,8.7,22,2026-04-10,False,False,False,True,14,False,False,False,0
25.5,7.7,0.0,14.9,19,2026-04-11,False,False,False,True,15,False,False,False,0
23.0,12.0,0.0,14.6,22,2026-04-12,False,False,False,True,16,False,False,False,0
22.7,12.6,0.0,13.4,27,2026-04-13,False,False,False,True,17,False,False,False,0
22.4,10.0,0.0,12.1,24,2026-04-14,False,False,False,True,18,False,False,False,0
22.1,9.1,0.8,19.5,39,2026-04-15,False,False,False,True,19,True,False,False,0
19.2,8.4,0.0,14.9,52,2026-04-16,False,False,False,True,20,False,False,False,0
25.3,8.2,0.0,18.3,28,2026-04-17,False,False,False,True,21,True,True,False,0
29.2,11.5,0.0,22.2,29,2026-04-18,False,False,False,True,22,True,True,False,0
18.9,7.0,1.0,24.2,27,2026-04-19,False,False,False,False,1,True,True,True,2
16.5,1.7,0.0,9.7,20,2026-04-20,False,False,False,True,2,False,False,False,0
18.2,6.0,0.0,16.4,33,2026-04-21,False,False,False,True,3,False,False,False,0
21.5,7.3,0.0,19.6,35,2026-04-22,False,False,False,True,4,True,False,False,0
24.1,7.6,0.0,15.2,23,2026-04-23,False,False,False,True,5,False,True,False,0
24.3,11.7,0.0,17.7,16,2026-04-24,False,False,False,True,6,True,True,False,0
27.1,9.9,0.0,12.8,17,2026-04-25,False,False,False,True,7,False,False,False,0
23.4,14.2,0.0,22.0,19,2026-04-26,False,False,False,True,8,True,True,False,0
21.4,9.1,0.0,26.5,17,2026-04-27,False,False,False,True,9,True,True,False,0
17.2,7.6,0.0,18.1,18,2026-04-28,False,False,False,True,10,True,True,False,0
21.5,5.2,0.0,9.9,17,2026-04-29,False,False,False,True,11,False,False,False,0
25.2,9.5,0.0,13.9,38,2026-04-30,False,False,False,True,12,False,False,False,0
21.6,13.2,0.1,14.1,42,2026-05-01,False,False,False,True,13,False,False,False,0
16.9,8.1,3.2,22.4,48,2026-05-02,False,False,False,False,1,True,False,True,2
21.5,6.4,0.0,11.7,38,2026-05-03,False,False,False,True,2,False,False,False,0
26.8,9.1,0.0,11.2,24,2026-05-04,False,False,False,True,3,False,False,False,0
31.0,12.7,0.0,15.5,27,2026-05-05,False,False,False,True,4,False,True,False,0
22.6,14.5,0.1,26.5,20,2026-05-06,False,False,False,True,5,True,True,False,0
23.2,7.9,0.0,16.7,17,2026-05-07,False,False,False,True,6,False,True,False,0
27.8,10.9,0.0,19.5,19,2026-05-08,False,False,False,True,7,True,True,False,0
28.9,14.6,0.0,19.6,12,2026-05-09,False,False,False,True,8,True,True,False,0
30.6,15.0,0.0,23.6,14,2026-05-10,False,False,False,True,9,True,True,False,0
33.4,14.7,0.0,14.0,16,2026-05-11,False,False,False,True,10,False,False,False,0
33.1,16.3,0.0,25.5,22,2026-05-12,False,False,False,True,11,True,True,False,0
27.6,16.6,0.0,18.9,34,2026-05-13,False,False,False,True,12,True,False,False,0
25.3,17.6,0.0,14.4,35,2026-05-14,False,False,False,True,13,False,False,False,0
21.5,13.7,4.4,12.7,56,2026-05-15,False,False,False,False,1,False,False,True,2
23.2,13.1,11.6,16.1,69,2026-05-16,False,False,False,False,1,False,False,True,3
21.2,13.7,0.1,13.9,62,2026-05-17,False,False,False,True,2,False,False,False,0
26.0,10.5,0.0,7.9,58,2026-05-18,False,False,False,True,3,False,False,False,0
28.3,14.0,0.0,26.6,44,2026-05-19,False,False,False,True,4,True,False,False,0
28.4,15.0,0.0,16.3,43,2026-05-20,False,False,False,True,5,False,False,False,0
20.4,12.7,1.1,25.4,49,2026-05-21,False,False,False,False,1,True,False,True,2
27.1,12.7,0.8,20.7,38,2026-05-22,False,False,False,True,2,True,False,False,0
28.0,12.7,0.0,23.0,34,2026-05-23,False,False,False,True,3,True,False,False,0
23.5,15.4,13.8,13.7,77,2026-05-24,False,False,False,False,1,False,False,True,2
24.5,12.8,0.0,6.1,67,2026-05-25,False,False,False,True,2,False,False,False,0
23.6,14.8,0.0,15.7,50,2026-05-26,False,False,False,True,3,False,False,False,0
22.3,14.3,0.0,23.6,44,2026-05-27,False,False,False,True,4,True,False,False,0
24.1,11.2,0.0,9.0,46,2026-05-28,False,False,False,True,5,False,False,False,0
26.4,12.0,0.0,13.6,43,2026-05-29,False,False,False,True,6,False,False,False,0
31.0,13.5,0.0,15.5,36,2026-05-30,False,False,False,True,7,False,False,False,0
28.2,18.1,0.0,15.1,23,2026-05-31,False,False,False,True,8,False,True,False,0
31.2,15.5,0.0,12.8,27,2026-06-01,False,False,False,True,9,False,False,False,0
34.9,17.6,0.0,19.4,26,2026-06-02,False,False,False,True,10,True,True,False,0
28.1,17.0,0.3,16.3,24,2026-06-03,False,False,False,True,11,False,True,False,0
28.0,14.0,0.0,18.7,25,2026-06-04,False,False,False,True,12,True,True,False,0
29.7,14.5,0.0,27.0,25,2026-06-05,False,False,False,True,13,True,True,False,0
24.4,14.5,0.0,27.2,29,2026-06-06,False,False,False,True,14,True,True,False,0
26.0,12.3,0.0,17.2,23,2026-06-07,False,False,False,True,15,True,True,False,0
29.8,11.8,0.0,27.4,23,2026-06-08,False,False,False,True,16,True,True,False,0
