来源,内容,时间,时间(标准化),用户,评价档,口味,环境,服务,图片数,人均,推荐菜,标签,商家回复,店铺ID,采集时间,序号
龙谕酒庄,服务很好，酒还是很好喝的！推荐！,8小时前,2026-09-14,乔宏健,超预期,,,,1,,,打卡后评价,,19489893,2026-09-14 21:34:32,1
龙谕酒庄,"通过大众点评消费
宁夏银川旅游[流口水]“龙谕酒庄”，公司旅游自由活动下雨天第一站去一直想去的银川的酒庄[微笑]很适合下雨天逛[机智]80元门票加试饮酒（还送一瓶迷你白兰地），很不错！很值得去逛[Lv-比心]葡萄酒的知识，历史可以学习一下[鼓掌]最后可以尝一尝三种葡萄酒[呲牙]很好喝[强]
2026-09出行｜游玩1-2小时｜其他",22小时前,2026-09-13,urase,很棒,,,,3,,,,,19489893,2026-09-14 21:34:32,2
龙谕酒庄,就一个很low的欧式空壳建筑，骗人的玩意儿！避坑！避坑！避坑！吐血劝告，避坑！避坑！避坑！,5天前,2026-09-09,能干快乐呼噜猫,,,,,0,,,,龙谕酒庄(商家): 您好，很遗憾本次参观没能让您满意。我们的酒庄城堡是拜占庭古堡风格建筑，团购门票包含葡萄园、灌装线、酒窖、博物馆等区域参观，体验项目包含葡萄酒品鉴（原两款酒基础上加赠品鉴一款）以及伴手款礼白兰地赠送，套餐内容在购买页面也有标注。如果您在参观品鉴过程中确实存在我们做的不到位的地方，欢迎私信或致电联系我们沟通，祝您生活愉快。,19489893,2026-09-14 21:34:36,3
龙谕酒庄,"¥80
通过大众点评消费
✨张裕龙谕酒庄，南法城堡式建筑非常出片，看得出是大手笔打造。地理位置很占优势，离银川市区不远，打车往返很方便。参观包含三款酒品鉴，还赠送一瓶白兰地，体验感满满。欧式古堡氛围感十足，很适合打卡拍照，来宁夏旅游值得过来逛逛～～",9月6日,2026-09-06,苏打火锅沪小旺,超预期,,,,0,,,,,19489893,2026-09-14 21:34:36,4
龙谕酒庄,"在宁夏有个半天没安排活动，想着要不要去趟酒庄，听说这个最靠近市区的，于是打了个车就来啦。确实很近，来回也都好叫车。酒庄因为不是最火的那两家，所以人也不多。按照指示图先地下然后二楼展览厅，最后回到一楼品酒。地下的…
出游类型：家庭亲子",9月5日,2026-09-05,zt611,很棒,,,,3,,,,,19489893,2026-09-14 21:34:41,5
龙谕酒庄,"¥100
通过大众点评消费
去的时候葡萄还没熟，可以买葡萄，面积不大，银川号称是红酒之都，酒庄还是比较多的，龙谕酒庄是张裕旗下的，离市区也比较近，银川打车比较便宜，也就一二十块钱，门票80，逛完了还可以品三杯酒，送一小瓶白兰地。
2026-07出行｜游玩1-2小时｜情侣夫妻",9月2日,2026-09-02,暠嚞.涨粉互关,不错,,,,3,,,,,19489893,2026-09-14 21:34:50,6
龙谕酒庄,"¥80
非常奇妙的旅程，竟然在酒庄里，西式风格恢宏大气，酒窖里面存的酒近100年，你很容易找到自己的年份，走廊的光影极好，能拍照好去处，参观完成还会给你品酒的机会，虽然讲解流畅，但是面对小白有一点点敷衍，之后会送你白兰地一瓶，100ml可以托运回来，我准备炒菜，还没用到",9月2日,2026-09-02,问题儿童0102,很棒,,,,0,,,,,19489893,2026-09-14 21:34:50,7
龙谕酒庄,很出片的地方，但是作为酒庄参观体感一般般吧，只能走马观花看看。没有烟台的张裕博物馆好看。门票贵期待比较高，要是40元我就觉得可圈可点我。酒庄好好看 就是整个部分只有外面是好看的。有点emm。。。反正如果去过酒庄比推荐。,8月31日,2026-08-31,fafnersherry,超预期,,,,3,,,,,19489893,2026-09-14 21:34:56,8
龙谕酒庄,"¥398
先说优点，环境好，人少，体验感好！带领我们参观的姑娘人很nice。去了两家酒庄，都是朋友推荐，一个叫源石，一个就是龙谕。客观说龙谕这种收费的就是好，人少，不会有很多低价团的游客叽叽喳喳。再说缺点，我们选的是398品鉴套餐，品酒过程也没毛病，虽然酒少了点。但是卖酒环节差了点意思，现场售卖的价格比京东自营还贵了好多。龙谕赤霞珠干白现场卖499还不包邮，而京东超市一模一样的卖429-439元不等。希望大家避雷，扣掉一颗星，其他都很好。
收起",8月22日,2026-08-22,北京的笨笨熊,不错,,,,1,,,,,19489893,2026-09-14 21:35:02,9
龙谕酒庄,"通过大众点评消费
超适合拍照[Lv-比心][Lv-比心]拍照好出片。PS：红酒，白葡萄酒也都很好喝！打破了对红酒难喝的印象  [笑哭][笑哭][笑哭]
游玩3-4小时",8月21日,2026-08-21,柚子.,超预期,,,,6,,,,,19489893,2026-09-14 21:35:12,10
龙谕酒庄,"以前只在电影或纪录片看过欧洲的酒庄。
现在有机会参观中国自己的顶级酒庄。
进来印入眼帘的是壮丽宏伟的西式庭园，前面是巨大的水池，美不胜收。
到里面很深的地下专业窖藏室参观，按年份堆放的各式橡木酒桶阵列有序，醇厚的酒香味弥散在空气中。此时此刻才感觉到制酒与文化的传承。
有讲解员介绍，可以看到滴灌技术下的葡萄种植。
可以品尝样酒，的确好喝，还送了小瓶白兰地。
一次颇有收获开了眼界的酒庄之行，留下深刻印象。
收起
游玩1-2小时｜其他",8月21日,2026-08-21,东城西就_9294,不错,,,,6,,,,,19489893,2026-09-14 21:35:17,11
龙谕酒庄,"¥400
银川大部分酒庄在贺兰山下 赶时间没去成源石。
🍷源石是银川本土酒庄 贺兰山下 免门票 （没去不做过多描述）
🍷龙谕是张裕旗下的高端线主要负责进出口 在国外更有名 近市区，欧式古堡风格，地下酒窖旋转楼梯。
	
✅品鉴套餐
入门款包在门票（70/人） 下一档就是398/人
398的可以喝到龙12赤霞珠 （龙谕天花板酒款）。
	
💡简单品鉴 赤霞珠干白➡️龙12➡️可雅白兰地
每种酒间喝口水 先闻再喝
▫️赤霞珠干白：确实没想到赤霞珠能做白葡 偏酸 冰一点更好喝
▫️龙12：讲解一直和我强调 这个是全新法国150年橡木桶24个月发酵的 饱满醇厚口感 没钱买但尝到了 不亏不亏。
▫️可雅白兰地：和茅台同时获奖的白兰地 感觉做基酒可能会比直接喝好
	
👉398能品鉴龙12➕可雅白兰地➕赤霞珠干白，想再仔细品品可以给续杯，想喝龙谕高端标杆款感觉还是可以试试。",8月20日,2026-08-20,匿名用户,不错,,,,3,,,打卡后评价,,19489893,2026-09-14 21:35:26,12
龙谕酒庄,"通过大众点评消费
服务很好，酒庄蛮大的，很漂亮，下午来非常出片。酒香气很足，甜度也不低，很有特色
2026-08出行",8月18日,2026-08-18,桑,超预期,,,,0,,,,,19489893,2026-09-14 21:35:26,13
龙谕酒庄,贺兰山脚下的欧式城堡，酒庄建筑好看，葡萄园景色不错，整体参观流程比较完整。游览以室内参观和品酒为主。讲解可以不请，讲解太简单，讲解员知识量有限。游览时长不算很长。顺路看一看很不错，拍个照。专门来就不用考虑了。,8月13日,2026-08-13,max和pi妈,一般,,,,3,,,,,19489893,2026-09-14 21:35:41,14
龙谕酒庄,"通过大众点评消费
不知道为什么周中下午去的时候，人很少，内部参观10分钟就能走完，最后尝了三种酒，干白干红和甜酒，最后送一小瓶白兰地。工作人员讲解得很清楚。个人感觉就是体验一下欧洲古堡的感觉，户外太晒了也逛不了，自己不懂酒也品不出好坏。也是旅途中躲避暴晒短暂休息的一个地方。如果想要更专业的体验可能要选择别的。
2026-08出行｜游玩1-2小时",8月12日,2026-08-12,墨儿的食事,不错,,,,2,,,,,19489893,2026-09-14 21:35:48,15
龙谕酒庄,远远望去，米白色的法式城堡在蓝天白云下像童话里的宫殿，喷泉、雕塑、镜面水池…随手一拍都是大片。但别被颜值骗了——走进幽蓝灯光下的酒窖，层层叠叠的橡木桶阵列才是真正的“硬核实力区”！🛁 每一只桶里，都藏着时间与匠心的博…,8月11日,2026-08-11,胖小猴2015,很棒,,,,0,,,,,19489893,2026-09-14 21:35:48,16
龙谕酒庄,"通过大众点评消费
景色美，建筑美。就是员工板着脸。但是不懂酒文化的来这儿拍照也可以。
游玩1-2小时",8月9日,2026-08-09,匿名用户,,,,,0,,,,龙谕酒庄(商家): 十分感谢您中肯的点评，没能给到您满分体验，我们深表歉意。龙谕以「品过世界，更爱中国」为初心，好酒走向世界，服务也理应匹配高标准。您提到的不足我们内部会复盘整改，欢迎您后续再来打卡品鉴，检验我们的改变。,19489893,2026-09-14 21:35:53,17
龙谕酒庄,酒庄环境好，在浏览酒庄国内外很多酒庄之后，龙谕还是相当不错的。酒的口感和种类也很多，讲解到位。,8月8日,2026-08-08,在瓮城摇摆的红烧肉,超预期,,,,2,,,,,19489893,2026-09-14 21:36:02,18
龙谕酒庄,"很好的酒庄使我脑袋旋转，实际游览路程不算长，要拍照的话倒是也够，推荐门口位置比较好拍，地下酒窖位置也可，但更挑拍摄技术，外面葡萄庄园挺大，摘了几颗还挺好吃的，特别新鲜口感甜脆，有卖的就好了。游览结束还有品酒体验，外行人只能喝个新鲜，最后送了两瓶伏特加，感觉收获满满的
游玩1-2小时｜情侣夫妻",8月7日,2026-08-07,这个小朋友饿了,很棒,,,,7,,,打卡后评价,,19489893,2026-09-14 21:36:08,19
龙谕酒庄,"通过大众点评消费
我们去的时候没啥人，今年很大所以很安静环境也很好，大部分地里都种的葡萄所以很有庄园那味，建筑是欧式风格的很漂亮，里面挑高做的很高所以即使不开空调也很凉快，酒窖里面就更凉快了很舒服，尝了几款酒感觉还不错
游玩1-2小时｜情侣夫妻",8月6日,2026-08-06,碳水达人,超预期,,,,3,,,,,19489893,2026-09-14 21:36:12,20
龙谕酒庄,法式拜占庭纯白古堡，前广场水池、林荫长廊、圆顶塔楼搭配贺兰山远景，不用出国就能拍欧式大片，超多新人来拍婚纱照；地下酒窖蓝调灯光+成排橡木桶，氛围感极强，阴天、傍晚亮灯后质感翻倍。园区打理干净，草坪、葡萄架整齐，春秋季绿意十足。,8月6日,2026-08-06,点小评2197257827,超预期,,,,0,,,,,19489893,2026-09-14 21:36:12,21
龙谕酒庄,很不错的景点，整个景区很大，环境很整洁，好多人在拍婚纱照，我当时去的时候免门票，还邀请我们品尝葡萄酒了，很推荐,8月3日,2026-08-03,在布达拉宫滑翔的鸭蛋,,,,,1,,,,龙谕酒庄(商家): 感谢推荐，欢迎下次再来，一起品美酒、赏美景，举杯贺兰山，干杯,19489893,2026-09-14 21:36:17,22
龙谕酒庄,"贺兰山下的龙谕酒庄极具欧式古堡氛围感，拜占庭式主楼搭配连片葡萄园，随手就能拍出氛围感大片。
跟着讲解员参观葡萄酒博物馆、现代化酿造车间与恒温地下酒窖，深入了解张裕百年酒业历程与贺兰山东麓独特风土种植优势。
品鉴环节能直观感受赤霞珠红酒饱满果香与柔顺单宁，整体兼具观光打卡、葡萄酒知识科普与品鉴体验，配套完善，不管是休闲出游还是葡萄酒爱好者探访都十分合适。",8月3日,2026-08-03,芝华士China,超预期,,,,3,,,,,19489893,2026-09-14 21:36:17,23
龙谕酒庄,"通过大众点评消费
整体体验很不错，店环境干净舒适，氛围安静不嘈杂，服务人员态度温和贴心，上酒速度适中。口味均衡，尝了红酒，白葡萄，冰酒，兼顾多种口味需求。走的时候送了白兰地，性价比在线，不管单人还是结伴旅拍都合适。整体没有明显短板，推荐前来打卡。",8月3日,2026-08-03,aliciazhu,很棒,,,,1,,,,,19489893,2026-09-14 21:36:29,24
龙谕酒庄,酒庄大气美观值得参观 推介来 环境优美棒棒的,8月3日,2026-08-03,俞咪君-Ame,超预期,,,,3,,,,,19489893,2026-09-14 21:36:36,25
龙谕酒庄,来宁夏旅游怎能不打卡葡萄酒庄？据说龙谕是最好的酒庄之一，环境挺好的，正值七八月份暑期旺季，但游客不多，我们一行14人进到酒庄前台，小姐只简单介绍了酒庄的结构让我们跟着脚下的箭头走，全程没人引领也没有介绍，就自己瞎看，…,8月1日,2026-08-01,你想叫啥就叫啥,一般,,,,3,,,打卡后评价,,19489893,2026-09-14 21:36:41,26
龙谕酒庄,这款酒实在太棒了，比407-389强太多了，简直国产红酒之光。,7月31日,2026-07-31,后山人,很棒,,,,1,,,打卡后评价,,19489893,2026-09-14 21:36:53,27
龙谕酒庄,很有味道的酒庄,7月30日,2026-07-30,在红心石林听音乐的核桃,超预期,,,,3,,,,,19489893,2026-09-14 21:37:02,28
龙谕酒庄,酒庄真不错，讲解很棒！,7月30日,2026-07-30,追远追思,超预期,,,,3,,,,,19489893,2026-09-14 21:37:02,29
龙谕酒庄,贺兰山下的宝藏酒庄，建筑恢弘优美。参观酒窖了解酿酒文化，品酒体验极佳，酒香醇厚。环境清幽，视野开阔，来银川游玩强烈推荐到访。,7月30日,2026-07-30,dpuser_6522056689,超预期,,,,6,,,,,19489893,2026-09-14 21:37:08,30
龙谕酒庄,"酒庄文化底蕴深厚，带娃娃了解张裕发展史，了解酿酒工艺，可以体验各种红酒
2026-07出行",7月30日,2026-07-30,海浪,超预期,,,,0,,,,,19489893,2026-09-14 21:37:08,31
龙谕酒庄,讲解详细，酒品上乘，景色优美。,7月29日,2026-07-29,焦阳_4697,超预期,,,,5,,,,,19489893,2026-09-14 21:37:12,32
龙谕酒庄,酒庄非常好，讲解也很详细，了解了红酒历史和工艺，非常好的体验。,7月29日,2026-07-29,*vc李溦西***,超预期,,,,3,,,,,19489893,2026-09-14 21:37:12,33
龙谕酒庄,大气美观 值得参观,7月29日,2026-07-29,欣欣_667121,超预期,,,,3,,,,,19489893,2026-09-14 21:37:17,34
龙谕酒庄,很美的地方，赶上蓝天白云，服务也很好,7月28日,2026-07-28,抵。_8621,很棒,,,,3,,,打卡后评价,,19489893,2026-09-14 21:37:17,35
龙谕酒庄,酒庄很漂亮,7月28日,2026-07-28,黯然失色abc,超预期,,,,1,,,,,19489893,2026-09-14 21:37:24,36
龙谕酒庄,"通过大众点评消费
非常漂亮的景点！欧式建筑的城堡！地下有很多橡木桶！如果你对红酒文化感兴趣，不要错过这里！
游玩1-2小时",7月28日,2026-07-28,匿名用户,超预期,,,,1,,,,,19489893,2026-09-14 21:37:24,37
龙谕酒庄,"¥80
通过大众点评消费
特地打车去的，上午到那就我和朋友带两个小孩，庄园建筑很法式，大人门票八十，孩子五十，可以品三种红酒，赤霞珠干红，临走带小瓶二十毫升的白兰地。整个建筑内部很简单，所谓的博物馆也就是一些幕布投屏，很快就参观完了，在品酒区打卡拍照了几张。示范园区有几片葡萄地。
2026-07出行｜游玩1-2小时",7月28日,2026-07-28,xmaidou,很棒,,,,9,,,,,19489893,2026-09-14 21:37:29,38
龙谕酒庄,"¥188
通过大众点评消费
贺兰山下的龙谕酒庄太值得专程打卡，拜占庭式古堡恢弘雅致，门前水景搭配千亩葡萄园，随手就能拍出欧式氛围感大片。全程有专业讲解员带领，一层参观现代化灌装生产线，二层葡萄酒博物馆梳理张裕百年酿酒历史，地下恒温酒窖长廊藏满橡木桶，氛围感十足。门票包含品鉴环节，酒庄赤霞珠果香饱满、口感柔顺，能直观感受贺兰山东麓产区风土。园区配套完善，游览动线清晰不绕路，既能了解国产高端葡萄酒酿造工艺，又能沉浸式拍照品酒，来银川游玩不容错过。
收起
2026-07出行｜游玩1-2小时｜单独旅行",7月27日,2026-07-27,MGMR,超预期,,,,9,,,,,19489893,2026-09-14 21:37:36,39
龙谕酒庄,走进龙谕酒庄，请了讲解，全面了解一下葡萄酒，才知国红二字的分量，讲解小姐很细心专业，不虚此行。,7月27日,2026-07-27,冰糖葫芦,超预期,,,,5,,,,,19489893,2026-09-14 21:37:48,40
龙谕酒庄,酒庄还是挺漂亮的，我们是五一的时候去的人不多，整个的环境来说也还不错，当天有举办婚礼的，所以说需要从侧门进，但是实际上没有什么影响，但是有一点就是龙域酒庄的门票里面是不包含讲解的，这样的话来说性价比的话就相对低一…,7月27日,2026-07-27,爱旅行的小李,不错,,,,0,,,,,19489893,2026-09-14 21:37:48,41
龙谕酒庄,风景好，讲解清楚，离市区近，值得来,7月27日,2026-07-27,刘Dy,超预期,,,,4,,,,,19489893,2026-09-14 21:37:53,42
龙谕酒庄,酒庄美观 环境好 建议参观,7月27日,2026-07-27,bbjlee,超预期,,,,2,,,,,19489893,2026-09-14 21:38:03,43
龙谕酒庄,环境挺好的，建筑很漂亮，景区也很干净，推荐,7月27日,2026-07-27,戏子_4656,超预期,,,,0,,,,,19489893,2026-09-14 21:38:03,44
龙谕酒庄,"城堡很大，值得一游
游玩1-2小时",7月26日,2026-07-26,ShirleyShen2003,超预期,,,,2,,,打卡后评价,,19489893,2026-09-14 21:38:03,45
龙谕酒庄,"¥120
【龙谕酒庄】
中国葡萄酒核心产区就是贺兰山东麓，
地处北纬37-39度黄金种植带，
是国家地理标志产区，盛名在外。
这里日照充沛、昼夜温差大，
生长的葡萄风味浓郁。
同时这里拥有百余座酒庄，
我们挑选市区最近的一座来游玩。
​去过的酒庄也有好多座，
不同风格不同定位，
这家——
​有钓鱼台特供，​有私人存酒窖，
有获奖明星酒，​​今天最大的优势是
——避暑！[呲牙][呲牙]
收起
游玩1-2小时｜朋友出游",7月26日,2026-07-26,睡睡大王,不错,,,,6,,,打卡后评价,,19489893,2026-09-14 21:38:08,46
龙谕酒庄,"据说是距离银川市区最近的酒庄，可以在游览完西夏王陵以后，回程路上去一下，然后回市区，路线是比较顺的。
酒庄是买票入内，成人88，学生票58，不带讲解，可以尝三种酒，都是价位不算高的佐餐酒。
还有贵一些的票，酒的品质要好些，还包含酒王“龙12”。
总体感觉挺好的，酒庄很大，休闲一下的好地方。
收起",7月26日,2026-07-26,西西果冻,很棒,,,,6,,,,,19489893,2026-09-14 21:38:17,47
龙谕酒庄,"¥398
通过大众点评消费
今天在银川去了龙谕酒庄 有1v1很细心热情讲解的小姐姐 品了好几款酒包括龙12 非常赞 还参观了葡萄种植区 [礼花]👍🏻👍🏻
游玩3-4小时｜单独旅行",7月26日,2026-07-26,匿名用户,超预期,,,,4,,,,,19489893,2026-09-14 21:38:29,48
龙谕酒庄,旅游来了银川，尝了龙谕酒庄，很喜欢，爱了，大气高端,7月25日,2026-07-25,看海的眼泪,很棒,,,,0,,,打卡后评价,,19489893,2026-09-14 21:38:29,49
龙谕酒庄,"体验很好，酒庄很大气，来银川必打卡！！[色][点赞][点赞]
2026-07出行",7月25日,2026-07-25,风火轮大王,超预期,,,,3,,,打卡后评价,,19489893,2026-09-14 21:38:36,50
龙谕酒庄,"很好，品尝了三种龙谕酒。口感很好
2026-07出行",7月25日,2026-07-25,美食品鉴师,超预期,,,,3,,,打卡后评价,,19489893,2026-09-14 21:38:41,51
龙谕酒庄,酒庄美观大气 值得参观,7月25日,2026-07-25,牛皮大糖丸,超预期,,,,2,,,打卡后评价,,19489893,2026-09-14 21:38:47,52
龙谕酒庄,"通过大众点评消费
80的门票，啥也没看到，就看了龙谕介绍，带孩子体验者慎入，其实就是在酒庄买酒有优惠，羊毛还是出在羊身上。儿童票还要收50，太坑！不知道为孩子提供了什么体验？
出游类型：家庭亲子",7月23日,2026-07-23,匿名用户,,,,,0,,,,,19489893,2026-09-14 21:38:47,53
龙谕酒庄,"非常棒的品酒体验
酒庄很漂亮，整体是法式的感觉
龙谕酒庄也是张裕在宁夏的分酒庄，是能上国宴的国酒
最后一站可以品酒，非常不错
游玩1-2小时",7月23日,2026-07-23,吆吆1111,超预期,,,,3,,,,,19489893,2026-09-14 21:38:53,54
龙谕酒庄,"一脚踏进酒窖，昏黄光线里藏着岁月与佳酿的私语，时间在这里仿佛打了个盹儿。
讲解员暖心 细心  温馨！",7月23日,2026-07-23,紫漪,超预期,,,,3,,,,,19489893,2026-09-14 21:38:53,55
龙谕酒庄,酒庄大气美观，值得推荐,7月23日,2026-07-23,雅典娜想要看戏剧表演,超预期,,,,3,,,,,19489893,2026-09-14 21:38:59,56
龙谕酒庄,"环境不错，来银川必去
2026-07出行",7月23日,2026-07-23,迷人.,超预期,,,,2,,,,,19489893,2026-09-14 21:38:59,57
龙谕酒庄,"顺路过来逛了龙谕酒庄，整体体验很不错。建筑是欧式风格，外观精致大气，随便拍照都很有氛围感。地下酒窖整齐摆放着一排排橡木桶，置身其中氛围感很足。
可以在这里品鉴酒庄自产的葡萄酒，白葡…",7月21日,2026-07-21,匿名用户,超预期,,,,0,,,,,19489893,2026-09-14 21:38:59,58
龙谕酒庄,小甜酒非常好喝，体验感非常不错，适合带小朋友去玩，拍照很出片,7月20日,2026-07-20,dpuser_5460525727,超预期,,,,4,,,打卡后评价,,19489893,2026-09-14 21:39:05,59
龙谕酒庄,酒庄体验非常不错，可以品尝多款葡萄酒，景区环境非常漂亮,7月20日,2026-07-20,思雯oni,超预期,,,,2,,,打卡后评价,,19489893,2026-09-14 21:39:12,60
龙谕酒庄,"景色很美，酒也很好喝，
游玩1-2小时｜家庭亲子",7月20日,2026-07-20,熊銳,超预期,,,,5,,,,,19489893,2026-09-14 21:39:12,61
龙谕酒庄,很漂亮，讲解很有耐心,7月20日,2026-07-20,lwt_4216,超预期,,,,1,,,,,19489893,2026-09-14 21:39:17,62
龙谕酒庄,环境优美，很适合拍照打卡！空气清新，建筑装修也很有格调！推荐前来游玩！,7月18日,2026-07-18,点小评1232334653,超预期,,,,2,,,,,19489893,2026-09-14 21:39:23,63
龙谕酒庄,餐食不错，红酒很棒，风景宜人。,7月18日,2026-07-18,匿名用户,超预期,,,,2,,,,,19489893,2026-09-14 21:39:23,64
龙谕酒庄,风景不错，设施完善，服务态度非常好,7月18日,2026-07-18,金猪,很棒,,,,3,,,打卡后评价,,19489893,2026-09-14 21:39:29,65
龙谕酒庄,"太美啦，法式风格，来酒庄转转，服务热情！！
游玩3-4小时｜朋友出游",7月18日,2026-07-18,Biblical,超预期,,,,3,,,,,19489893,2026-09-14 21:39:29,66
龙谕酒庄,"环境氛围都很好值得推荐
2026-07出行",7月18日,2026-07-18,中州之蜗,超预期,,,,2,,,,,19489893,2026-09-14 21:39:41,67
龙谕酒庄,必须打个满分💯服务真的超级好，又热情又细心。从进门到离开，每个环节都让人感觉被照顾到了。工作人员很会察言观色，主动帮忙拍照、推荐酒款，连小朋友都逗得开心。下次来还选这儿！👍👍,7月18日,2026-07-18,匿名用户,很棒,,,,0,,,,,19489893,2026-09-14 21:39:41,68
龙谕酒庄,"昨天去龙谕酒庄，环境挺安静的，适合拍照📸。我们玩了大概3小时，喝了点酒，聊聊天，感觉还不错。服务也挺周到，没让人觉得冷场。下次可以带朋友再来试试。👍👍
2026-07出行",7月18日,2026-07-18,a,超预期,,,,2,,,打卡后评价,,19489893,2026-09-14 21:39:53,69
龙谕酒庄,太漂亮啦，环境优美，服务热情,7月18日,2026-07-18,Hahahahah,超预期,,,,1,,,打卡后评价,,19489893,2026-09-14 21:39:53,70
龙谕酒庄,门口的大葡萄很有特点，整体建筑风格也很棒！讲解的小姐姐很认真，整体都很nice！！！[强][强][强],7月17日,2026-07-17,今天多云转晴,超预期,,,,4,,,,,19489893,2026-09-14 21:40:05,71
龙谕酒庄,"感觉像进入了法国庄园，蓝天白云下美极了
四边都是葡萄园，可以一起参观
门票套餐里包含了三个品种的品酒+2瓶带走的白兰地，里面的工作人员服务热情专业
中午太阳有点热，室外不宜久待，最好是傍晚来，可以美美出片！",7月17日,2026-07-17,匿名用户,超预期,,,,3,,,,,19489893,2026-09-14 21:40:17,72
龙谕酒庄,五星推荐！贺兰山下的欧式古堡酒庄，建筑超出片，千亩葡萄园视野开阔，讲解员专业细致，品鉴的龙谕干红果香浓郁，单宁顺滑，国产葡萄酒天花板，来银川必打卡！,7月16日,2026-07-16,点小评2798788814,超预期,,,,2,,,,,19489893,2026-09-14 21:40:23,73
龙谕酒庄,"通过大众点评消费
工作日错峰出行，人不多，挺好的👌
带娃来的，孩子们都喜欢。🈶酒窖可看，🈶小酒🉑品。讲解🉐也很细致。值🉐来。",7月16日,2026-07-16,棣元,超预期,,,,0,,,,,19489893,2026-09-14 21:40:23,74
龙谕酒庄,"非常值得一去，第一次参观葡萄酒庄，感觉像刘姥姥进了大观园，挺开眼界的。
酒庄环境很好，城堡建筑适合拍照，周围还种了不少葡萄，如果成熟的季节过去估计会很不错。
品酒环节挺有意思，服务的小姐姐会详细介绍每款酒，可惜开车没尝试。
游玩1-2小时｜朋友出游",7月15日,2026-07-15,孙俊,很棒,,,,6,,,,,19489893,2026-09-14 21:40:29,75
龙谕酒庄,跟随科协来打卡银川的龙裕酒庄，非常大，大门进来特别气派[笑脸],7月8日,2026-07-08,EDI_948,超预期,,,,1,,,打卡后评价,,19489893,2026-09-14 21:40:41,76
龙谕酒庄,龙谕酒庄真的挺有格调的，建筑欧式风格，细节精致，喷泉和雕塑都很有艺术感。酒窖氛围感十足，蓝光一打，酒桶排列整齐，很有质感。张裕金装白兰地口感醇厚，值得一试。环境和服务都在线，适合打卡拍照，也适合品酒放松。👍🍷🌿🌿,7月7日,2026-07-07,小琪22,超预期,,,,3,,,打卡后评价,,19489893,2026-09-14 21:40:41,77
龙谕酒庄,"地点 银川市内的景点位置方便
很多人在这边拍婚纱照
时间 慢慢逛完大概1.30-2小时
拍拍照时间出片就半天这样啦可长可短
每张门票都包含了一瓶100毫升酒这样~
还有品酒两款一款干红一款冰白
味道挺特别的
室内室外非常好出片
浪漫古堡风
收起
2026-07出行｜游玩1-2小时｜朋友出游",7月6日,2026-07-06,匿名用户,超预期,,,,3,,,打卡后评价,,19489893,2026-09-14 21:40:47,78
龙谕酒庄,"宁夏是回族自治区，有意思的是，回族禁酒，但自治区是中国最好的葡萄酒产地，在宁夏，回族和葡萄酒产业并存着，堪称现代化中国的一大特色。
参观了一下张裕高端葡萄酒品牌龙谕的基地，门票80，主要是品酒，性价比不高，我说过了，宁夏旅游就是门票高。
银川还有LVMH旗下投资的酩悦轩尼诗夏桐酒庄，可见宁夏这块土地worldwidely多受葡萄酒产业欢迎。
收起",7月2日,2026-07-02,吃馄饨坚决不吐馄饨皮,很棒,,,,3,,,,,19489893,2026-09-14 21:40:59,79
龙谕酒庄,"通过大众点评消费
到了银川找个酒庄参观也算是银川旅游的特色。
对比了几家，他家属于比较全面那种，能看到葡萄园，有酒窖，建筑欧式风格。
但是这个时候葡萄很小看不出啥，建筑里面的装修和布置一般般。
最后有三款酒的品鉴，个人对葡萄酒非常一般，但是最后那款旅游文创的甜白葡萄酒很好喝，绝对可以平替冰酒，性价比非常高，果断来一箱。
收起
游玩1-2小时",7月2日,2026-07-02,琛吃吃,,,,,3,,,,,19489893,2026-09-14 21:41:14,80
龙谕酒庄,"¥100
通过大众点评消费
好看，力推参观。门票80，拼团100块讲解。
展览馆全，像城堡一样。
品鉴体验好。
2026-06出行｜游玩3-4小时",6月23日,2026-06-23,aaaaakkkk,很棒,,,,5,,,,,19489893,2026-09-14 21:41:23,81
龙谕酒庄,"¥80
通过大众点评消费
酒庄很美，感觉来到了城堡🏰这边挺多拍婚纱照的，每个角落都很出片，就是大中午太晒了。服务态度一般，都没有讲解的（付费讲解还挺贵，幸好没有请，我们遇到了一个团，跟着别人听了一会儿，其实也没有啥，时间也很短），自己来只能瞎逛，啥也看不懂[微笑]品酒环节还不错，会介绍每一款酒的情况",5月30日,2026-05-30,我有一个梦境,,,,,0,,,,,19489893,2026-09-14 21:41:23,82
龙谕酒庄,"通过大众点评消费
宁夏一行最惊艳的点。来玩总想体验一些当地的特色，这里的葡萄酒庄很有名。我们看了半天最后选了这家，果然不虚此行。门票80元，酒庄欧式风格非常大气，拍照出片，地下酒窖自行参观，参观结束之后有品酒活动含在门票里面，工作人…",5月26日,2026-05-26,萝卜爱吃饭,超预期,,,,3,,,,,19489893,2026-09-14 21:41:30,83
龙谕酒庄,红酒，不用说了，国内最好的产地当属宁夏，宁夏最大最豪的酒庄当属龙谕。国宴酒，用的就是龙谕12👍 酒庄承办婚宴，又有场景、又有饕餮，吃到的这块羊排，从来不吃羊肉要的我竟然吃不出膻味,5月24日,2026-05-24,Eva,很棒,,,,3,,,打卡后评价,,19489893,2026-09-14 21:41:41,84
龙谕酒庄,"80元的门票包含参观完的品酒和伴手礼白兰地，参观完一圈了解一些相关的内容再品酒。拍照打卡和想了解红酒的蛮好。想详细了解需要再额外请一个讲解，体验感可能更好些。据说还可以拍写真婚纱照，另外一块区域可以办酒席。整体感觉不错
游玩1-2小时",5月12日,2026-05-12,匿名用户,很棒,,,,6,,,,,19489893,2026-09-14 21:41:41,85
龙谕酒庄,"据说是2012年左右花巨资建造的，里面储存了大量的酒
不仅是个酒庄，也是个博物馆，通过参观学习、体验，了解红酒的历史发展，还有就是红酒酿造的过程，从前道、中道以及后道储存等，让小朋友更进一步了解了红酒的渊源哦，还是蛮不错的
另外，酒庄里还可以吃晚饭哦
2026-04出行｜游玩3-4小时",4月28日,2026-04-28,雄明清丽的小丁,不错,,,,0,,,打卡后评价,,19489893,2026-09-14 21:41:53,86
龙谕酒庄,"来参观啦。还是值得来的！
龙谕酒庄就是张裕在贺兰山的酒庄
张裕在全国的份额数一数二
这个酒庄算是参观过的规模最大的
故事也有很多 
值得来学习一下
如果在好季节来说能吃到水果葡萄~
可惜就是来的季节不好，不是很美丽~
收起
游玩1-2小时",4月8日,2026-04-08,小海带又大吃大喝啦,超预期,,,,3,,,,,19489893,2026-09-14 21:41:59,87
龙谕酒庄,拍拍照打打卡，不过拍照也一般，品鉴和门票对于其他酒庄来说不算性价比高的，还有讲解费，旗舰版是确实不错，但是价格不是很友好.,4月6日,2026-04-06,是你的肉呀,,,,,4,,,,,19489893,2026-09-14 21:42:11,88
龙谕酒庄,"¥50
适合有出片需求的小姑娘，抱有品酒目的的旅人还是别来了。
整体来讲，地方不大，二十分钟左右就可以全部逛完。来的话还是夏天或者秋天吧，春天景色没有赶着最好的时候，秋天来了还可以吃葡萄。门票大人80学生50，可以喝一款干红一款甜白，送一小瓶张裕白兰地。
2026-03出行
12",3月25日,2026-03-25,大红,一般,,,,9,,,打卡后评价,龙谕酒庄(商家): 您好，非常抱歉本次酒庄之行没能让您满意，我们诚恳向您致歉。 针对大家普遍反馈的品鉴酒款偏少问题，目前我们已经升级体验：基础门票免费品鉴升级为3款葡萄酒，同时我们针对葡萄酒爱好者也推出了两档深度体验票型，深度票型我们邀请酿酒师共同参与呈现，丰富游客品酒体验； 我们真心希望能和您深入沟通本次游玩细节，如果您愿意，可以平台私信联系我们，我们认真听取您更多建议，也想为您补上一次完善的酒庄体验。,19489893,2026-09-14 21:42:18,89
龙谕酒庄,"挺大一个酒庄，逛起来还是不错的。葡萄品种不少，好多都好好吃，甜甜的。
品酒的环节也还可以，不同品质的酒对比着喝，确实差别挺明显的。要不是这样对比，我可能还是比较盲的。哈哈哈哈。
最舒服的时候是太阳快下山之前，现在阳光里，蓝天下，那点松弛感，值千金。",3月1日,2026-03-01,Tina1116,很棒,,,,5,,,打卡后评价,,19489893,2026-09-14 21:42:23,90
龙谕酒庄,"通过大众点评消费
酒庄坐落于风景如画的地方，整体氛围非常不错。酒的味道很棒，性价比高，适合朋友聚会或商务宴请。",2月25日,2026-02-25,大赢家,超预期,,,,0,,,,,19489893,2026-09-14 21:42:23,91
龙谕酒庄,"不是很大，人也不算多，淡季来很快就逛完了
2026-01出行",1月30日,2026-01-30,西米,很棒,,,,6,,,,,19489893,2026-09-14 21:42:30,92
龙谕酒庄,"讲解清晰而具体，品尝味道非常赞。
2026-01出行｜游玩1-2小时",1月29日,2026-01-29,CCP阿九_6965,超预期,,,,2,,,打卡后评价,,19489893,2026-09-14 21:42:30,93
龙谕酒庄,来银川，除了去经典景区，来酒庄参观也是一个好去处。毕竟这里是贺兰山东麓，是葡萄的好产区，也是葡萄酒出名的地方。酒庄有免费的有收费的，最后还是选了一个风景更好的龙谕酒庄。整体风格非常欧式，面积很大，里面的建筑也很大气，拍照很好看。,1月24日,2026-01-24,sirius,超预期,,,,9,,,,,19489893,2026-09-14 21:42:35,94
龙谕酒庄,"这个点评必须得写，算是功德一件了，可千万别来。
【内容】太太太太水了，去就是给你看ppt，我勒个擦，太糊弄了吧，起码有个制作过程吧，嘛也没有，工作人员也一个没有，你知道工作人员在呢么
【卖酒】来来来，工作人员在这呢。收桌不及时，得去叫他才给你收，所有的服务都得指着别的桌问，才有。爱答不理，什么态度，就算想买也不让你赚钱。
大家可千万别来，千万避雷
收起
2025-10出行",1月13日,2026-01-13,没有昵称,,,,,3,,,,,19489893,2026-09-14 21:42:42,95
龙谕酒庄,"现在银川有活动，所以是免门票滴～不用带身份证，直接出示预约码就行啦！
离市区有点距离，来这边儿纯粹是臭美，想拍好看的照片，我们在酒庄浏览+拍照半小时。
酒庄真挺好看的，外观像城堡🏰，在雪地里嘎嘎出片！还遇到了拍婚纱照的新人(真好看！)
2026-01出行｜游玩1-2小时｜情侣夫妻",1月6日,2026-01-06,摸摸小海豹,超预期,,,,3,,,打卡后评价,,19489893,2026-09-14 21:42:42,96
龙谕酒庄,"通过大众点评消费
由于距离的原因，将龙渝作为本次宁夏酒庄之旅的最后一站，老实说是有不低的期待的，毕竟背靠张裕这样的大集团，还有百年的酿酒经验。实际看下来，有特点，也有问题，但整体上会有些失望。
好的方面：首先是门票预约很便捷，价格还算合理，包含了参观和两杯酒的品鉴；其次是基础设施建设做的很好，欧式城堡建筑，连同外围的种植园，形成了对酒庄的完整体验，也能够满足很多人拍照的需求；第三是动线规划比较合理，对城堡观景、酒窖参观、品牌故事及产品品鉴都有相对独立的空间设计和安排。
让人想要吐槽的地方也不少：第一是在酒庄参观中，全城自主，无人讲解，并且某些介绍影片和LED展示区由于淡季的原因也关闭了，所以原本可以安排一小时的游览，实际15分钟就走完了；第二是安排品鉴的产品水准实在让人一言难尽，标杆产品8、9、12都不在品鉴范围以内，而参与品鉴的一款售价240元左右的赤霞珠，老实说品质相当于10欧左右的地区餐酒，远远无法和源石、图兰朵、留世、嘉地等酒庄安排的品鉴产品相比较，对于爱喝酒的游客来说，这样的品鉴还不如不安排。吐槽归吐槽，本着对国产红酒的支持和好奇，临走的时候还是带走一瓶龙12，希望不要失望。
整体来说，酒庄如果单纯作为一个景点，让情侣来拍婚纱照，是没毛病的。但在淡季，如果希望控制成本，不如别开放品鉴试酒活动，否则…",2025年12月27日,2025-12-27,点小评8114608521,一般,,,,3,,,,,19489893,2026-09-14 21:42:54,97
龙谕酒庄,"通过大众点评消费
平时自己闲来无事的时候会小酌一下，西夏陵行程结束后果断选了龙谕酒庄，买票后进去自己参观，人不多，走到最深处还有点怕怕的，红酒香跟醇厚。最后到品酒阶段给拿了三种红酒，都品尝后，果然是一分价钱一分货。口感很适合自己，就选择买了一瓶。酒庄可以直接给邮寄。
2025-10出行",2025年12月25日,2025-12-25,薇薇6457,超预期,,,,9,,,,,19489893,2026-09-14 21:43:11,98
龙谕酒庄,"¥80
这是我在宁夏最后一个行程，上午十点还没有什么游客，我一个人游览了接近一个多小时，一路都会有指示牌，先去哪儿再去哪儿都清清楚楚，80元可以品尝两杯酒，带走一小瓶白兰地，110ml不能带上飞机，我也没有免费的托运额了，想着留下一个纪念所以找了个快递站运回去了，结果淘宝一搜，这酒还没我运费贵呢[笑脸]这里拍拍照很出片，品酒方面不太懂，第一次来体验体验还不错。
收起
2025-11出行｜游玩1-2小时｜单独旅行",2025年12月3日,2025-12-03,食咗饭未,很棒,,,,6,,,,,19489893,2026-09-14 21:43:18,99
龙谕酒庄,很美的酒庄，酒很香,2025年11月20日,2025-11-20,一节瓜,超预期,,,,3,,,,,19489893,2026-09-14 21:43:30,100
龙谕酒庄,"出片，大，拍照漂亮
2025-11出行｜游玩1-2小时",2025年11月7日,2025-11-07,rockzc,超预期,,,,3,,,,,19489893,2026-09-14 21:43:30,101
龙谕酒庄,"通过大众点评消费
欧式古堡的建筑，很出片，而且可以免费品酒，还有赠礼，里面很漂亮！！！
2025-11出行｜游玩1-2小时",2025年11月3日,2025-11-03,米包,超预期,,,,6,,,,,19489893,2026-09-14 21:43:35,102
龙谕酒庄,"2017.12来的，以前还叫张裕摩塞尔十五世
有人拍戏
2017-12出行",2025年11月1日,2025-11-01,三黄儿,超预期,,,,3,,,,,19489893,2026-09-14 21:43:35,103
龙谕酒庄,"通过大众点评消费
城堡很漂亮，欧式建筑风格，还能品红酒🍷
2025-10出行",2025年10月26日,2025-10-26,Tang,超预期,,,,2,,,,,19489893,2026-09-14 21:43:42,104
龙谕酒庄,"红酒不错，景色很美，建筑欧式风格，整体不错？
2025-10出行",2025年10月17日,2025-10-17,帅气清澈唧唧狼,超预期,,,,2,,,,,19489893,2026-09-14 21:43:42,105
龙谕酒庄,"龙渝酒庄是个好地方，环境优美，非常适合家庭聚会🍷。还可以带上一两个朋友一起，喝喝酒聊聊天，真的超级享受！推荐给喜欢小聚的朋友们！😊
2025-10出行",2025年10月17日,2025-10-17,cnshatonl,超预期,,,,2,,,,,19489893,2026-09-14 21:43:47,106
龙谕酒庄,团队活动，了解葡萄酒酿造过程，品一品最好的龙12系列，学习体验,2025年10月17日,2025-10-17,甜美真诚咕隆蜻,超预期,,,,3,,,,,19489893,2026-09-14 21:43:47,107
龙谕酒庄,"红酒很不错，酒庄环境也很好！
2025-10出行",2025年10月17日,2025-10-17,Tuan800_8861450074,超预期,,,,3,,,,,19489893,2026-09-14 21:43:54,108
龙谕酒庄,金秋参观酒庄，赏美景，品美酒，快哉！,2025年10月17日,2025-10-17,松仁炒核桃,超预期,,,,5,,,,,19489893,2026-09-14 21:43:54,109
龙谕酒庄,"通过大众点评消费
来宁夏体验了一下张裕的高端酒。龙谕12口感很好，酒庄的环境非常好，周围有葡萄园。地下酒庄参观了年份酒找到了自己同龄的红酒。一层有介绍葡萄酒的历史的宣传片。还可以品尝两种非常不错的干红和干白。非常不错的一次红酒体验。
2025-10出行",2025年10月16日,2025-10-16,细雨,超预期,,,,6,,,,,19489893,2026-09-14 21:43:59,110
龙谕酒庄,"来体验，感觉特别的棒，场地特别大，酒也好喝特别长，知识真的是中国最好的红酒。
2025-10出行",2025年10月12日,2025-10-12,小白,超预期,,,,0,,,打卡后评价,,19489893,2026-09-14 21:43:59,111
龙谕酒庄,"品酒体验不错，讲解细致负责
2025-10出行",2025年10月9日,2025-10-09,shen,超预期,,,,1,,,,,19489893,2026-09-14 21:44:14,112
龙谕酒庄,"通过大众点评消费
看博主推荐去的，欧式建筑，拍照很不错。去的时候就看到有几对新人在拍婚纱照。买的套餐可以品两款酒，外加送一小瓶白兰地，还阔以。跟着游览路线走一圈还挺好玩的。也有讲解服务。适合跟朋友一起拍照玩，也适合初次去酒庄体验的人。
2025-10出行",2025年10月8日,2025-10-08,轻风,超预期,,,,2,,,,,19489893,2026-09-14 21:44:18,113
龙谕酒庄,旅游打卡该酒庄，品尝了四款特色干红，小姐姐全程介绍，服务很好，值得来体验。,2025年10月8日,2025-10-08,匿名用户,超预期,,,,3,,,,,19489893,2026-09-14 21:44:18,114
龙谕酒庄,"拍照好看，酒不一样，品尝好喝，介绍很详细，推荐试一下！
2025-10出行",2025年10月8日,2025-10-08,靛蓝色嘴巴的银色豹子,超预期,,,,2,,,,,19489893,2026-09-14 21:44:23,115
龙谕酒庄,"¥80
通过大众点评消费
听司机说贺兰山脚下大大小小有二百多个酒庄，本来没在行程里安排这项，所以没有提前预约，所以很多都满了。又不想去源石，听说人巨多。看这个显示人少，介绍又显示投资8个亿，就去看看。
里面是张裕龙谕酒的产地，是张裕葡萄酒的最高端。我们去的时候葡萄已经收完了，不过剩下了一些边角料，但是真的好甜。
游玩1-2小时｜家庭亲子",2025年10月7日,2025-10-07,吃在北京,超预期,,,,0,,,,,19489893,2026-09-14 21:44:23,116
龙谕酒庄,讲解细致 品鉴全面 好评,2025年10月7日,2025-10-07,柔和灵活呼嗷鱼,超预期,,,,3,,,,,19489893,2026-09-14 21:44:30,117
龙谕酒庄,"¥80
酒庄环境不错，机场高速过来也很近。门票含了品酒的活动内容，也有幸尝试到了得过金奖的龙渝 12，口感虽然不是我个人喜欢的风格，但是国产红酒中算是上品😁了解龙渝百年历史后，对国产红酒从葡萄种植到酿酒过程有了全新的了解！喜欢红酒的话姐妹们可以来试试🤗
2025-10出行｜游玩1-2小时",2025年10月6日,2025-10-06,瓊_3585,很棒,,,,6,,,打卡后评价,,19489893,2026-09-14 21:44:30,118
龙谕酒庄,"酒庄溜达一圈😊
白葡萄还是有超出我的预期，龙12也可以品尝，听说媲美拉菲哦🥰",2025年10月6日,2025-10-06,loverainning_1843,很棒,,,,3,,,打卡后评价,,19489893,2026-09-14 21:44:35,119
龙谕酒庄,"第一次参观酒庄，印象深刻，龙 12 值得一尝！
2025-10出行｜朋友出游",2025年10月6日,2025-10-06,conniejin28,很棒,,,,2,,,,,19489893,2026-09-14 21:44:35,120
龙谕酒庄,"通过大众点评消费
张裕的酒庄，超出预期，的确不错，值得来一次",2025年10月6日,2025-10-06,emanda,超预期,,,,3,,,,,19489893,2026-09-14 21:44:42,121
龙谕酒庄,"龙谕12名不虚传，酒体扎实，口感丰富，非常喜欢
2025-10出行｜游玩1-2小时｜家庭亲子",2025年10月6日,2025-10-06,大熊大熊,超预期,,,,3,,,,,19489893,2026-09-14 21:44:42,122
龙谕酒庄,"¥80
通过大众点评消费
银川绝对的宝藏景点，适合所有年龄段人旅游参观，了解张裕红酒文化，还能品酒，绝对让人惊喜
2025-10出行｜游玩3-4小时｜情侣夫妻",2025年10月5日,2025-10-05,Billylove,超预期,,,,6,,,,,19489893,2026-09-14 21:44:47,123
龙谕酒庄,"非常有氛围 酒品也不错
2025-10出行",2025年10月5日,2025-10-05,高某某,超预期,,,,4,,,,,19489893,2026-09-14 21:45:02,124
龙谕酒庄,欧式酒庄，参观了酒窖和博物馆，还有品酒环节，不虚此行，不仅喝到了好酒，也收获了知识。对于真正想了解葡萄酒文化而不仅是拍照打卡的朋友，这里是非常值得推荐的目的地。,2025年10月5日,2025-10-05,匿名用户,超预期,,,,0,,,,,19489893,2026-09-14 21:45:02,125
龙谕酒庄,酒庄很不错，还品鉴了龙12，庄园很漂亮，很大的葡萄园，上下三层，地窖很好，很多储藏的橡木桶。,2025年10月5日,2025-10-05,没头脑,超预期,,,,3,,,,,19489893,2026-09-14 21:45:06,126
龙谕酒庄,很不错的体验，看到了葡萄园和酒窖。入园票带2款品酒和一瓶白兰地，很值得来！,2025年10月5日,2025-10-05,宇宙红豆,很棒,,,,3,,,打卡后评价,,19489893,2026-09-14 21:45:06,127
龙谕酒庄,"通过大众点评消费
酒庄很大很宏伟，顺路过来参观，特别好
游玩1-2小时",2025年10月4日,2025-10-04,匿名用户,超预期,,,,4,,,,,19489893,2026-09-14 21:45:11,128
龙谕酒庄,第一次来，景色非常美，非常适合带家人来，还送白兰地，非常值得！,2025年10月4日,2025-10-04,匿名用户,超预期,,,,3,,,,,19489893,2026-09-14 21:45:11,129
龙谕酒庄,"宁夏目前最大的酒庄，张裕名下子公司，八大酒庄之一👍
2025-10出行",2025年10月4日,2025-10-04,小榨菜,超预期,,,,3,,,,,19489893,2026-09-14 21:45:18,130
龙谕酒庄,"¥80
人少清净，假日下午带家人来逛非常好，门票是带品酒的，还送酒，非常好。
2025-10出行｜游玩1-2小时｜陪同父母",2025年10月4日,2025-10-04,在阆中古城睡觉的蒸蛋,超预期,,,,3,,,,,19489893,2026-09-14 21:45:18,131
龙谕酒庄,"¥80
酒庄很漂亮 适合拍照 品酒时工作人员会进行详细的讲解 非常细心 体验感很好
2025-10出行",2025年10月4日,2025-10-04,木易公子,超预期,,,,1,,,打卡后评价,,19489893,2026-09-14 21:45:23,132
龙谕酒庄,"很喜欢这里的氛围、酒也不错非常推荐，来银川必来
2025-10出行",2025年10月4日,2025-10-04,啦啦啦123869,超预期,,,,3,,,,,19489893,2026-09-14 21:45:30,133
龙谕酒庄,"城堡很漂亮有气势，品酒环节也很有意思，好评！
游玩1-2小时｜情侣夫妻",2025年10月4日,2025-10-04,johncooper147,超预期,,,,0,,,,,19489893,2026-09-14 21:45:30,134
龙谕酒庄,"很值得参观，带小孩过来了解中国葡萄酒文化
2025-10出行",2025年10月4日,2025-10-04,Kelly_1958,超预期,,,,3,,,,,19489893,2026-09-14 21:45:35,135
龙谕酒庄,"讲解很细致，酒庄城堡好看，酒也很好喝
2025-10出行",2025年10月4日,2025-10-04,清新清香嘎咚蚊,超预期,,,,2,,,,,19489893,2026-09-14 21:45:35,136
龙谕酒庄,"龙🐉
拍照很出片推荐游玩",2025年10月4日,2025-10-04,小马yx,超预期,,,,0,,,打卡后评价,,19489893,2026-09-14 21:45:35,137
龙谕酒庄,"小卢和小何两位小姐姐讲解到位，服务好。
2025-10出行",2025年10月4日,2025-10-04,长豆豆的小蜜蜂,超预期,,,,1,,,,,19489893,2026-09-14 21:45:42,138
龙谕酒庄,拍照好看推荐大家来玩 有很好喝的葡萄酒,2025年10月4日,2025-10-04,Layayayna,超预期,,,,1,,,,,19489893,2026-09-14 21:45:42,139
龙谕酒庄,体验非常棒！！！,2025年10月4日,2025-10-04,Mrs.H,超预期,,,,2,,,,,19489893,2026-09-14 21:45:48,140
龙谕酒庄,"非常出片 可选择性还是比较多的品酒
2025-10出行",2025年10月3日,2025-10-03,不屈的爱丽丝,超预期,,,,1,,,,,19489893,2026-09-14 21:45:48,141
龙谕酒庄,"酒庄很美，很适合拍照，推荐推荐
2025-10出行",2025年10月3日,2025-10-03,匿名用户,超预期,,,,2,,,,,19489893,2026-09-14 21:45:54,142
龙谕酒庄,"每个酒都很好喝，特别是龙谕太好喝了。
游玩1-2小时｜单独旅行",2025年10月3日,2025-10-03,逛逛长隆,超预期,,,,3,,,打卡后评价,,19489893,2026-09-14 21:45:54,143
龙谕酒庄,"拍照比较|出片，酒款品鉴较多
2025-10出行",2025年10月3日,2025-10-03,烟雨,超预期,,,,0,,,,,19489893,2026-09-14 21:45:54,144
龙谕酒庄,味道很好，服务也很棒，长见识了,2025年10月3日,2025-10-03,仁义真诚的小静,超预期,,,,0,,,,,19489893,2026-09-14 21:46:02,145
龙谕酒庄,"错峰来下午人很少[色]酒庄超级大～漫步微风很舒服～刚好赶上树叶泛黄 一整个美丽
讲解员小姐姐讲解很详细
酒味果香 酒味很浓郁～
2025-10出行",2025年10月3日,2025-10-03,桃子,超预期,,,,5,,,,,19489893,2026-09-14 21:46:02,146
龙谕酒庄,好玩好喝下次还来,2025年10月3日,2025-10-03,Aloofness,超预期,,,,2,,,打卡后评价,,19489893,2026-09-14 21:46:06,147
龙谕酒庄,很尊，服务态度不错，建筑挺好看，值得一来,2025年10月3日,2025-10-03,Jau,超预期,,,,2,,,,,19489893,2026-09-14 21:46:06,148
龙谕酒庄,"酒庄环境好，瓶酒好，也实惠，高档可参观
2025-10出行",2025年10月3日,2025-10-03,在五台山摆动的糯米鸡,超预期,,,,3,,,,,19489893,2026-09-14 21:46:13,149
龙谕酒庄,"通过大众点评消费
服务很好，品酒环节有专门的解说，地方也挺大，适合拍照",2025年10月3日,2025-10-03,点小评9110397442,超预期,,,,0,,,,,19489893,2026-09-14 21:46:13,150
龙谕酒庄,"龙谕品鉴和龙12非常棒！
2025-10出行",2025年10月3日,2025-10-03,小A,超预期,,,,3,,,,,19489893,2026-09-14 21:46:18,151
龙谕酒庄,"酒庄很大，景色很好，酒很好喝，下次再开[点赞]
2025-10出行",2025年10月2日,2025-10-02,邱某,超预期,,,,1,,,打卡后评价,,19489893,2026-09-14 21:46:18,152
龙谕酒庄,好喝！好玩！,2025年10月2日,2025-10-02,西西西阿,很棒,,,,3,,,打卡后评价,,19489893,2026-09-14 21:46:25,153
龙谕酒庄,很喜欢的风格，参观完还可以品尝一下葡萄酒🍷,2025年10月2日,2025-10-02,K2,超预期,,,,4,,,,,19489893,2026-09-14 21:46:25,154
龙谕酒庄,来到龙谕酒庄游览啦～地方好大，投资八个亿建造，高端葡萄酒🍷很赞哦～,2025年10月2日,2025-10-02,饿蛙,超预期,,,,4,,,打卡后评价,,19489893,2026-09-14 21:46:30,155
龙谕酒庄,"很美，就很好喝！
2025-10出行",2025年10月2日,2025-10-02,悦悦,超预期,,,,4,,,,,19489893,2026-09-14 21:46:35,156
龙谕酒庄,骑车路过，酒庄建设的很优美，门口两边还有免费车位，打理的也很整洁。,2025年10月2日,2025-10-02,好好吃饭,不错,,,,2,,,,,19489893,2026-09-14 21:46:41,157
龙谕酒庄,"通过大众点评消费
风景优美，慕名而来，红酒品质很好，值得推荐",2025年10月2日,2025-10-02,shallwe11,超预期,,,,3,,,,,19489893,2026-09-14 21:46:41,158
龙谕酒庄,"好评升级品尝到了龙谕的高端酒，确实不错
2025-10出行",2025年10月1日,2025-10-01,yuanyuan1111111111111,超预期,,,,1,,,,,19489893,2026-09-14 21:46:50,159
龙谕酒庄,"¥80
酒庄装修非常的欧洲庄园非常出片。全程是沉浸式参观到最后一步骤，品酒环节有讲解，小哥哥来介绍不同的酿造方式。来银川旅游，有时间的小伙伴可以考虑来。
2025-10出行｜游玩1-2小时",2025年10月1日,2025-10-01,匿名用户,超预期,,,,3,,,,,19489893,2026-09-14 21:46:55,160
龙谕酒庄,"通过大众点评消费
拍照好看，味道也不错，价格实惠。
游玩1-2小时",2025年10月1日,2025-10-01,糯米炝拌柚子,超预期,,,,1,,,,,19489893,2026-09-14 21:47:02,161
龙谕酒庄,"走进酒庄就闻到了好闻的葡萄酒香气，体验感不错，景色也好，适合拍照。
2025-10出行",2025年10月1日,2025-10-01,dpuser_7829494001,超预期,,,,0,,,,,19489893,2026-09-14 21:47:02,162
龙谕酒庄,"全程游览体验很好 十分推荐来体验一下，景色也很适合拍照，欧洲风十足。
2025-10出行｜游玩1-2小时",2025年10月1日,2025-10-01,i,超预期,,,,3,,,,,19489893,2026-09-14 21:47:07,163
龙谕酒庄,"通过大众点评消费
龙誉酒店整体还不错，房间干净宽敞，床铺也很舒适🛏️。早餐种类丰富，口感不错🍳。服务态度热情周到，整体体验超出预期👍！挺满意的一次入住经历。",2025年10月1日,2025-10-01,雄知甜美的小罕,超预期,,,,0,,,,,19489893,2026-09-14 21:47:07,164
龙谕酒庄,"很大的酒庄，可以沉浸式品酒[比心]
2025-10出行",2025年10月1日,2025-10-01,大妙,超预期,,,,2,,,,,19489893,2026-09-14 21:47:12,165
龙谕酒庄,很好看的建筑设计，品鉴的时候有讲解员,2025年10月1日,2025-10-01,百宝袋_9937,超预期,,,,4,,,,,19489893,2026-09-14 21:47:12,166
龙谕酒庄,"参观流程很棒，品酒环节也不错
2025-10出行",2025年10月1日,2025-10-01,耐心独特嗒嗒龙,超预期,,,,3,,,,,19489893,2026-09-14 21:47:17,167
龙谕酒庄,"通过大众点评消费
第一次品葡萄酒，味道很好",2025年10月1日,2025-10-01,tangtangyn,超预期,,,,3,,,,,19489893,2026-09-14 21:47:17,168
龙谕酒庄,酒很好喝，环境优美，值得体验！,2025年10月1日,2025-10-01,在香格里拉眺望的鸭蛋,超预期,,,,3,,,,,19489893,2026-09-14 21:47:26,169
龙谕酒庄,"通过大众点评消费
环境优美，整体体验感很好，品酒的过程也很愉快～",2025年9月30日,2025-09-30,Hesione,超预期,,,,2,,,,,19489893,2026-09-14 21:47:26,170
龙谕酒庄,"酒庄品酒款项比较多。比较出片
2025-09出行",2025年9月29日,2025-09-29,elina_happy,超预期,,,,2,,,,,19489893,2026-09-14 21:47:31,171
龙谕酒庄,"很大很漂亮的酒庄
张裕旗下的高端系列[强]
2025-09出行",2025年9月29日,2025-09-29,Mr_5ive_,超预期,,,,3,,,,,19489893,2026-09-14 21:47:31,172
龙谕酒庄,"通过大众点评消费
酒庄风格建筑很独特，风景很美，体验感满满。值得来哦。
2025-09出行｜游玩1-2小时",2025年9月29日,2025-09-29,Showlo,超预期,,,,2,,,,,19489893,2026-09-14 21:47:36,173
龙谕酒庄,自己探索的乐趣，还蛮有意思的，酒也不错,2025年9月29日,2025-09-29,匿名用户,超预期,,,,2,,,,,19489893,2026-09-14 21:47:36,174
龙谕酒庄,"环境很好，很浓的酒庄风格。里面的红酒博物馆也很好，了解张裕红酒的历史和文化。品鉴的酒非常棒，香气很重，很不错。推荐来参观。
2025-09出行｜游玩1-2小时｜情侣夫妻",2025年9月28日,2025-09-28,真诚漂亮哇哇蝶,超预期,,,,2,,,,,19489893,2026-09-14 21:47:41,175
龙谕酒庄,酒庄很大，很漂亮，适合拍照品鉴,2025年9月28日,2025-09-28,Zhangyu,超预期,,,,0,,,打卡后评价,,19489893,2026-09-14 21:47:45,176
龙谕酒庄,酒庄很品鉴，适合拍照品鉴,2025年9月28日,2025-09-28,Amber,超预期,,,,2,,,,,19489893,2026-09-14 21:47:45,177
龙谕酒庄,很大很出片[强],2025年9月28日,2025-09-28,龙井炝拌紫米,超预期,,,,2,,,,,19489893,2026-09-14 21:47:50,178
龙谕酒庄,"通过大众点评消费
非常美丽很出片酒庄
2025-09出行｜游玩1-2小时",2025年9月28日,2025-09-28,bettyyao,超预期,,,,3,,,,,19489893,2026-09-14 21:47:50,179
龙谕酒庄,"庄园非常漂亮，美美出片，门票还包含葡萄酒品鉴，非常不错！
2025-09出行｜游玩1-2小时",2025年9月27日,2025-09-27,dpuser_9325822709,超预期,,,,4,,,,,19489893,2026-09-14 21:47:55,180
龙谕酒庄,城堡🏰设计，由于时间紧，还没有来得及进去参观，远远拍了照，相约10🈷️中下旬再来吧[惊叹],2025年9月27日,2025-09-27,喂8射手,不错,,,,1,,,,,19489893,2026-09-14 21:48:01,181
龙谕酒庄,"¥80
整体布置的很ins风，很多角落都可以拍照，还有店里布置的灯光也很8⃣️错服务生都非常专业，动作利落干脆，客户体验感特别棒👍
游玩1-2小时｜朋友出游",2025年9月26日,2025-09-26,Alice,超预期,,,,0,,,打卡后评价,,19489893,2026-09-14 21:48:01,182
龙谕酒庄,"通过大众点评消费
酒庄环境很好，还能品酒，不错不错。",2025年9月25日,2025-09-25,叶欢欢,超预期,,,,4,,,,,19489893,2026-09-14 21:48:05,183
龙谕酒庄,了解了葡萄酒的历史，品尝了葡萄酒的味道，不错！,2025年9月25日,2025-09-25,美丽勇敢呼呼熊,超预期,,,,2,,,,,19489893,2026-09-14 21:48:05,184
龙谕酒庄,"体验感很好
2025-09出行",2025年9月25日,2025-09-25,朱荣荣z,超预期,,,,1,,,,,19489893,2026-09-14 21:48:10,185
龙谕酒庄,2022年就来过这家酒庄，可惜因为疫情没能进来，很遗憾！今年出行特意从甘肃过来参观一下，环境很好！观感很棒！品酒体验感很好！！值得推荐！！,2025年9月25日,2025-09-25,丰耘,超预期,,,,0,,,,,19489893,2026-09-14 21:48:10,186
龙谕酒庄,"参观酒庄城堡，了解张裕红酒的历史，还可品酒，很有意思
2025-09出行",2025年9月24日,2025-09-24,ruixiao,超预期,,,,2,,,,,19489893,2026-09-14 21:48:15,187
龙谕酒庄,超级棒的大酒庄，值得去,2025年9月24日,2025-09-24,吃货1688888888,超预期,,,,1,,,打卡后评价,,19489893,2026-09-14 21:48:21,188
龙谕酒庄,环境很好，又涨知识了，宁夏红酒[点赞][点赞][点赞][点赞],2025年9月23日,2025-09-23,开朗开朗咕唧牛,超预期,,,,2,,,,,19489893,2026-09-14 21:48:26,189
龙谕酒庄,一定要来看看 要不宁夏白来,2025年9月23日,2025-09-23,y姐,超预期,,,,3,,,打卡后评价,,19489893,2026-09-14 21:48:33,190
龙谕酒庄,"¥80
感受张裕百年历史 品中国、世界名酒",2025年9月23日,2025-09-23,尾子美食评论员,超预期,,,,0,,,打卡后评价,,19489893,2026-09-14 21:48:33,191
龙谕酒庄,"景色也好看啊  还能品酒真好  不虚此行
2025-09出行",2025年9月23日,2025-09-23,後惡露嗎,超预期,,,,2,,,打卡后评价,,19489893,2026-09-14 21:48:38,192
龙谕酒庄,"酒庄的环境像城堡一样
氛围很好 漂亮也特别好看",2025年9月22日,2025-09-22,sunshine,超预期,,,,0,,,,,19489893,2026-09-14 21:48:38,193
龙谕酒庄,环境漂亮，红酒很高端，宁夏必打卡,2025年9月22日,2025-09-22,俊秀俊秀呼啸蝉,超预期,,,,3,,,,,19489893,2026-09-14 21:48:45,194
龙谕酒庄,"酒庄欧式建筑，很优雅，服务热情，酒很好喝
2025-09出行",2025年9月22日,2025-09-22,muyu木雨,超预期,,,,3,,,,,19489893,2026-09-14 21:48:45,195
龙谕酒庄,庄园拍照非常好看、酒也好喝，旅游一个半小时能逛完,2025年9月21日,2025-09-21,在漓江摇晃的韭菜,很棒,,,,3,,,打卡后评价,,19489893,2026-09-14 21:48:50,196
龙谕酒庄,"酒庄很美，就很好喝，适合朋友一起来
2025-09出行",2025年9月21日,2025-09-21,Bean,超预期,,,,3,,,,,19489893,2026-09-14 21:48:50,197
龙谕酒庄,幽静景色好，品酒体验也很好，很有氛围感,2025年9月21日,2025-09-21,慧慧诚恳的小梅,超预期,,,,3,,,打卡后评价,,19489893,2026-09-14 21:48:57,198
龙谕酒庄,"很好，酒也很好喝
2025-09出行",2025年9月21日,2025-09-21,现世宝,超预期,,,,1,,,,,19489893,2026-09-14 21:48:57,199
龙谕酒庄,品酒款式相对较多，低端高端都可以，拍照也非常出片,2025年9月21日,2025-09-21,姜750,超预期,,,,0,,,,,19489893,2026-09-14 21:48:57,200
龙谕酒庄,很棒的体验,2025年9月21日,2025-09-21,在菊花岛发呆的蟹黄,超预期,,,,4,,,,,19489893,2026-09-14 21:49:02,201
龙谕酒庄,"非常专业的酒庄，装修古朴，门票含了三款酒的品鉴。服务员热情好客
2025-09出行",2025年9月21日,2025-09-21,啾啾啾小仙女,超预期,,,,0,,,,,19489893,2026-09-14 21:49:02,202
龙谕酒庄,"性价比非常的高，可以来品尝
2025-09出行",2025年9月21日,2025-09-21,小于只想看星星,很棒,,,,2,,,,,19489893,2026-09-14 21:49:15,203
龙谕酒庄,"很值得参观，品鉴区域酒款丰富，有机会喝到了龙谕高端系列龙十二，很好喝
店员服务意识非常非常到位",2025年9月20日,2025-09-20,LittlePrince_3694,超预期,,,,0,,,打卡后评价,,19489893,2026-09-14 21:49:15,204
龙谕酒庄,酒很好喝，比我昨天喝的更柔和一些，香气也很协调，酒庄的环境也很舒适。,2025年9月20日,2025-09-20,_1635,超预期,,,,4,,,,,19489893,2026-09-14 21:49:21,205
龙谕酒庄,"属于比较精致的类型。
2025-09出行",2025年9月20日,2025-09-20,花椒油炸黄蜂胶,超预期,,,,0,,,,,19489893,2026-09-14 21:49:21,206
龙谕酒庄,"通过大众点评消费
张裕酒庄，最值得参观的还是地下酒窖，导游还会带着品酒，可以随机品尝两杯，个人觉得最好喝的是赤霞珠干红。品尝完之后还送一瓶白兰地。
2025-09出行",2025年9月20日,2025-09-20,～Sugar…,超预期,,,,2,,,,,19489893,2026-09-14 21:49:26,207
龙谕酒庄,"环境很好，值得参观的还是地下酒窖，导游还会带着品酒，可以随机品尝两杯。
出游类型：情侣夫妻",2025年9月20日,2025-09-20,流浪的伪吃货,超预期,,,,1,,,,,19489893,2026-09-14 21:49:26,208
龙谕酒庄,很棒的文化展馆，nice nice nice，品鉴到了龙谕12等4款葡萄酒，辛苦工作人员耐心介绍[爱心][爱心][爱心][爱心][爱心],2025年9月19日,2025-09-19,匿名用户,超预期,,,,3,,,打卡后评价,,19489893,2026-09-14 21:49:34,209
龙谕酒庄,"¥160
风景美，建筑美，最后品鉴喝到了龙谕12，5开心的旅程
2025-09出行｜游玩1-2小时｜情侣夫妻",2025年9月19日,2025-09-19,阿里波多,超预期,,,,3,,,,,19489893,2026-09-14 21:49:34,210
龙谕酒庄,环境很好，酒庄服务人员热情 品酒也很赞,2025年9月19日,2025-09-19,momokaei,超预期,,,,3,,,,,19489893,2026-09-14 21:49:38,211
龙谕酒庄,自由行的一天运气很不错，因为临时决定上午来而不是下午，到了门口发现下午暂停。欧式风浓郁，安静中享受葡萄酒的文化底蕴，顺带着可以美美拍照，品尝不同风味的酿酒,2025年9月19日,2025-09-19,我是宝宝罗,超预期,,,,4,,,,,19489893,2026-09-14 21:49:38,212
龙谕酒庄,"很有意思的体验，美美的酒庄，中国酒亮眼的简历，欧式建筑中式美酒，可以品酒还可以涨知识，推荐！
2025-09出行",2025年9月19日,2025-09-19,团小爷就是霸王龙小姐,超预期,,,,4,,,打卡后评价,,19489893,2026-09-14 21:49:46,213
龙谕酒庄,"龙谕酒庄建筑如城堡般恢弘，装修欧式浪漫。城堡外观出片，葡萄园视野开阔，红酒细腻回甘。但讲解略敷衍，品酒额收费。很适合打卡拍照，黄昏穹顶很浪漫；有导员帮忙解说葡萄酒，很专业。龙谕12很好喝很纯厚，白干味道也不错
2025-09出行",2025年9月18日,2025-09-18,Rindal,超预期,,,,3,,,,,19489893,2026-09-14 21:49:46,214
龙谕酒庄,"整体建筑风格很喜欢，品尝的酒款也很适合自己的口感，干红的口感更浓郁，
2025-09出行",2025年9月18日,2025-09-18,美好天真呼呼蚕,超预期,,,,2,,,,,19489893,2026-09-14 21:49:50,215
龙谕酒庄,"¥2000
非常好的红酒，国内第一
2025-09出行｜游玩1-2小时｜朋友出游",2025年9月17日,2025-09-17,yyxml,超预期,,,,6,,,,,19489893,2026-09-14 21:49:58,216
龙谕酒庄,"酒庄整体风格独特，了解了张裕龙谕的发展，品鉴的数字系列口感确实不错，入口饱满爽口
2025-09出行",2025年9月16日,2025-09-16,小燕子_417819,超预期,,,,1,,,,,19489893,2026-09-14 21:50:02,217
龙谕酒庄,龙谕酒香浓都，口感非常好,2025年9月16日,2025-09-16,点小评8925344509,超预期,,,,3,,,,,19489893,2026-09-14 21:50:10,218
龙谕酒庄,"龙谕葡萄酒口感非常好
2025-09出行",2025年9月16日,2025-09-16,纯洁谨慎囔囔鹿,很棒,,,,3,,,,,19489893,2026-09-14 21:50:10,219
龙谕酒庄,"入口微苦，后甘甜。味道丰富。
2025-09出行",2025年9月16日,2025-09-16,qq爱你,超预期,,,,1,,,,,19489893,2026-09-14 21:50:15,220
龙谕酒庄,"干白酒香清爽，香气浓郁，干红口感丰富，回味多重，都很好喝！
2025-09出行",2025年9月16日,2025-09-16,水落天_497,超预期,,,,0,,,,,19489893,2026-09-14 21:50:15,221
龙谕酒庄,"我的小目标打卡张裕全世界25个酒庄。
这次来宁夏出差，所以必须要来一次张裕。感觉好像离市中心比较远，但是打车还是很方便的。到这里之后，不得不感叹品牌方的伟大。成规模对的酒庄生产线以及那么大的酒庄。完完全全可以体现出他们品牌的强大之处，足以让我们放心的选用红酒。逛完之后来到品鉴中心，好多人呀，我也喝了几款酒，也带了酒回去刚好晚上可以和朋友们一起分享
收起
游玩3-4小时",2025年9月15日,2025-09-15,一格格,超预期,,,,5,,,打卡后评价,,19489893,2026-09-14 21:50:22,222
龙谕酒庄,"龙谕酒庄位于宁夏贺兰山东麓，其葡萄酒采用当地葡萄，经24个月橡木桶陈酿，味道非常浓郁，单宁丰富。
酒庄建筑风格为拜占庭式，共分三层：
一层有接待大厅、灌装生产线和影视厅；
二层设有张裕历史文化博物馆和品酒室；
三层是多功能区，包括葡萄酒大学和会议室。
龙谕酒庄以""龙""为标志，徽标非常漂亮。不过价格也非常昂贵，也值得收藏。
收起",2025年9月15日,2025-09-15,TearsInHeaven,很棒,,,,9,,,,,19489893,2026-09-14 21:50:34,223
龙谕酒庄,葡萄酒好喝。大家可以来试一下,2025年9月15日,2025-09-15,许,超预期,,,,1,,,,,19489893,2026-09-14 21:50:46,224
龙谕酒庄,环境很好，拍照好看，很值得过来打卡,2025年9月15日,2025-09-15,SHAN_8594,超预期,,,,6,,,,,19489893,2026-09-14 21:50:46,225
龙谕酒庄,"张裕龙渝酒庄宛如一颗璀璨明珠。其建筑独具特色，融合中西风格。葡萄园美景如画，酿酒工艺精湛。品酒区氛围优雅，工作人员服务热情周到。在这里能尽情享受葡萄酒的魅力，绝对是休闲度假、品味美酒的绝佳之地。
2025-09出行｜游玩1-2小时",2025年9月15日,2025-09-15,想做Emma的男神,超预期,,,,1,,,打卡后评价,,19489893,2026-09-14 21:50:51,226
龙谕酒庄,"味道正宗，总是让人回味无穷。味道好
2025-09出行",2025年9月15日,2025-09-15,匿名用户,超预期,,,,1,,,,,19489893,2026-09-14 21:50:58,227
龙谕酒庄,"通过大众点评消费
景区挺大，二楼布展大气",2025年9月14日,2025-09-14,白白白,超预期,,,,3,,,,,19489893,2026-09-14 21:50:58,228
龙谕酒庄,"拍照好看，酒类比较多，推荐大家来
2025-09出行",2025年9月14日,2025-09-14,在绿博园滑翔的蛋挞,超预期,,,,3,,,,,19489893,2026-09-14 21:51:03,229
龙谕酒庄,"贺兰山下很有法式氛围的酒庄～
2025-09出行",2025年9月14日,2025-09-14,匿名用户,超预期,,,,6,,,打卡后评价,,19489893,2026-09-14 21:51:03,230
龙谕酒庄,"通过大众点评消费
张裕家的酒庄，庄园很有欧式特色，拍照很出片，套餐里包含2款酒的品鉴，有酒庄人员介绍和服务，对红酒不了解的小白也可以大胆尝试，参观里有木桶发酵区和张裕的博物馆，值得了解一下
2025-09出行｜游玩1-2小时",2025年9月14日,2025-09-14,kernel_是只喵,超预期,,,,3,,,,,19489893,2026-09-14 21:51:10,231
龙谕酒庄,酒庄非常出片，品酒款项也比较多，酒卷质量也非常棒,2025年9月14日,2025-09-14,Passerby,超预期,,,,2,,,,,19489893,2026-09-14 21:51:10,232
龙谕酒庄,张裕高端葡萄酒品牌龙谕品质很不错，干白清爽，干红浓郁,2025年9月13日,2025-09-13,bluesyao,超预期,,,,2,,,打卡后评价,,19489893,2026-09-14 21:51:15,233
龙谕酒庄,"龙谕12（龙谕龙12）是一款产自宁夏贺兰山东麓的赤霞珠干红葡萄酒，其品鉴特点如下：
口感特征
‌果香浓郁‌：开瓶后可闻到黑加仑、蓝莓等成熟果实香气，伴随辛香料（胡椒、豆蔻）及巧克…
游玩3-4小时",2025年9月13日,2025-09-13,Oo张云鹏,超预期,,,,2,,,,,19489893,2026-09-14 21:51:15,234
龙谕酒庄,葡萄酒的风味还是不错的，风景也特别好,2025年9月13日,2025-09-13,华昊酒庄_洒君豪,很棒,,,,0,,,,,19489893,2026-09-14 21:51:29,235
龙谕酒庄,"龙谕酒庄以其宏伟的欧式建筑和精致的景观设计，成为一处迷人的游览胜地。其主体建筑采用拜占庭风格，蓝顶白墙的城堡在四周水景与雾化效果的映衬下，宛如人间仙境，极具视觉震撼力。庄园内处处是景，从宏伟的喷泉、欧式长廊到葱郁的葡萄园，都提供了丰富的拍照角度，被誉为“出片圣地”。
酒庄的专业品鉴体验同样令人印象深刻。在地下一层的贵宾品酒室或主题品鉴区，游客可以品尝到酒庄生产的优质葡萄酒，工作人员会进行专业介绍。此外，酒庄还不定期举办主题品鉴会，为游客提供更深度的葡萄酒文化体验。
总而言之，龙谕酒庄不仅是一座酒庄，更是一处融合建筑美学、葡萄种植文化和品鉴艺术的综合性景点，非常值得探访。",2025年9月13日,2025-09-13,小飞_5382,超预期,,,,4,,,,,19489893,2026-09-14 21:51:29,236
龙谕酒庄,"¥80
品酒非常专业的讲解，来到了张裕旗下非常宏大的酒庄，涨知识啦~
2025-09出行｜游玩1-2小时｜朋友出游",2025年9月13日,2025-09-13,酒鬼花蒸蚝油,超预期,,,,5,,,,,19489893,2026-09-14 21:51:41,237
龙谕酒庄,"¥100
体验环节很丰富
博物馆，酒窖 
还体验了丰富的红酒
2025-09出行｜游玩1-2小时｜朋友出游",2025年9月13日,2025-09-13,贝什么果,超预期,,,,1,,,,,19489893,2026-09-14 21:51:49,238
龙谕酒庄,"很棒的地方，拍照超出片！[点赞]
游玩1-2小时",2025年9月12日,2025-09-12,___Hopeless,超预期,,,,2,,,,,19489893,2026-09-14 21:51:49,239
龙谕酒庄,欧式建筑风格，很出片，品了4款酒，最爱后面的小甜酒。,2025年9月12日,2025-09-12,暖暖哒_7869,超预期,,,,2,,,,,19489893,2026-09-14 21:51:53,240
龙谕酒庄,"宫廷风的建筑，女孩子过来超级出片！！！
参观完后的小甜酒，超好喝！！！",2025年9月12日,2025-09-12,Lemon,超预期,,,,0,,,,,19489893,2026-09-14 21:51:53,241
龙谕酒庄,"通过大众点评消费
今天来到宁夏龙谕酒庄参观，顺便品评了几款普通酒，其中龙12的口感给我不小的震撼，国产葡萄酒也能达到比较高的水平，单宁丰富，口感复杂饱满。葡萄酒爱好者可以试试。也希望张裕以后能做出更多高品质的普通酒，这样酒友们有口福了。
2025-09出行",2025年9月12日,2025-09-12,酒红色嘴巴的烟白色孔雀,超预期,,,,2,,,,,19489893,2026-09-14 21:52:01,242
龙谕酒庄,"第一次来葡萄酒庄园，
属实被震撼了，
小姐姐很认真的在帮我们介绍如何品酒，
有一说一葡萄酒确实不错👍
推荐大家前来打卡！",2025年9月12日,2025-09-12,Naaaaaaaa~,超预期,,,,0,,,,,19489893,2026-09-14 21:52:01,243
龙谕酒庄,"十分有价值的品酒体验，一共 4 款来自龙谕酒庄从基础款到高端款的酒类，从不同的方面体现了酒庄做酒的工艺。龙谕桶藏干白是一款白的赤霞珠果干 菠萝的芳香 酸度平衡 可以单独应用也可佐餐的日常饮用酒。 龙谕12 有浓郁的浆果 和黑醋栗的味道 丹宁圆润饱满 入口柔顺，值得推荐！
2025-09出行",2025年9月12日,2025-09-12,点小评6230904097,超预期,,,,3,,,,,19489893,2026-09-14 21:52:05,244
龙谕酒庄,"通过大众点评消费
讲解的小姐姐都很专业，酒也很好喝！推荐大家来！了解中国的葡萄酒文化！
2025-09出行｜游玩1-2小时",2025年9月10日,2025-09-10,drewpig,超预期,,,,2,,,,,19489893,2026-09-14 21:52:13,245
龙谕酒庄,风景比较好，品酒两款的甜白非常喜欢,2025年9月10日,2025-09-10,璀璨美好嘎嘎蜻,超预期,,,,2,,,,,19489893,2026-09-14 21:52:13,246
龙谕酒庄,"酒庄风景超美 氛围感 超级出片[愉快][亲亲][害羞]
2025-08出行",2025年8月29日,2025-08-29,睿俊稳重的小阳,超预期,,,,3,,,,,19489893,2026-09-14 21:52:17,247
龙谕酒庄,"酒庄景色很美！
很有氛围感 ！
酒也很好喝
2025-08出行",2025年8月29日,2025-08-29,柔和璀璨嘿嘿猫,超预期,,,,3,,,,,19489893,2026-09-14 21:52:17,248
龙谕酒庄,非常出片！非常好看！服务态度也非常好！红酒也不错,2025年8月28日,2025-08-28,勇慧漂亮的小慧,超预期,,,,1,,,,,19489893,2026-09-14 21:52:25,249
龙谕酒庄,"酒庄超级好看 整体都是很富贵的感觉 小姐姐真的很好[色][色][色]
2025-08出行",2025年8月28日,2025-08-28,蜂蜜烩芝麻,超预期,,,,1,,,,,19489893,2026-09-14 21:52:25,250
龙谕酒庄,"¥260
酒庄环境不错，很干净，空气也很好，大片的葡萄园很诱人，可以了解酒文化还可以品鉴两款
2025-08出行｜游玩1-2小时｜家庭亲子",2025年8月18日,2025-08-18,诚实勤俭嘻嘻熊,超预期,,,,2,,,打卡后评价,,19489893,2026-09-14 21:52:29,251
龙谕酒庄,"景色优美，环境干境，不虚此行！
2025-08出行｜游玩3-4小时｜家庭亲子",2025年8月18日,2025-08-18,勇知勤俭的小柏,超预期,,,,3,,,打卡后评价,,19489893,2026-09-14 21:52:36,252
龙谕酒庄,"今天来龙谕酒庄参观风景很好，适合来拍照游玩，葡萄园很大，可以近距离接触酿酒葡萄。
2025-08出行｜游玩1-2小时",2025年8月18日,2025-08-18,慧俊独特的小玉,超预期,,,,0,,,打卡后评价,,19489893,2026-09-14 21:52:36,253
龙谕酒庄,"¥160
听朋友推荐过来的 确实很不错 有喜欢葡萄酒的朋友可以过来试试
2025-08出行｜游玩1-2小时｜朋友出游",2025年8月18日,2025-08-18,记忆_6024,超预期,,,,2,,,,,19489893,2026-09-14 21:52:41,254
龙谕酒庄,"美得很，带孩子老公一起来玩，很漂亮的景区。
2025-08出行｜游玩3-4小时",2025年8月18日,2025-08-18,雄信美丽的小菊,超预期,,,,3,,,打卡后评价,,19489893,2026-09-14 21:52:41,255
龙谕酒庄,"景色真漂亮，暑假领孩子来玩很不错的地方。
2025-08出行｜游玩3-4小时",2025年8月18日,2025-08-18,蚝油煲黑豆酱,超预期,,,,3,,,打卡后评价,,19489893,2026-09-14 21:52:48,256
龙谕酒庄,"酒庄景色很好看，酒窖和葡萄园都可以参观，拍照非常好看，在城堡里面氛围感超级好，带孩子来游玩孩子很喜欢
2025-08出行｜游玩1-2小时",2025年8月18日,2025-08-18,轻灵谨慎呱唧羊,超预期,,,,3,,,打卡后评价,,19489893,2026-09-14 21:52:48,257
龙谕酒庄,"环境优美，服务周到，非常适合来参观打卡！
2025-08出行",2025年8月17日,2025-08-17,睿明忠诚的小阳,超预期,,,,2,,,打卡后评价,,19489893,2026-09-14 21:52:53,258
龙谕酒庄,"风景优美 服务态度好 酒庄是欧洲庄园风格 非常适合来拍照打卡
2025-08出行",2025年8月17日,2025-08-17,柔美俊秀呼噜螺,超预期,,,,3,,,,,19489893,2026-09-14 21:52:53,259
龙谕酒庄,"通过大众点评消费
很不错，里面很好看
2025-08出行",2025年8月17日,2025-08-17,热情轻盈哗哗猴,超预期,,,,1,,,,,19489893,2026-09-14 21:53:00,260
龙谕酒庄,"景色优美   服务态度好   可以来游玩
2025-08出行",2025年8月17日,2025-08-17,小鲍鱼油泼草本植物,很棒,,,,3,,,打卡后评价,,19489893,2026-09-14 21:53:00,261
龙谕酒庄,"龙谕酒庄真的值得一来！一大片一大片的葡萄园，酒窖的一桶桶橡木桶，工作人员很热情，讲解的详细，对酒庄和葡萄酒都有了更深的了解，品尝的酒果香浓郁很好入口，这次参观不仅是一次味觉的享受，更是一次关于葡萄酒文化的深度交流。
2025-08出行",2025年8月16日,2025-08-16,匿名用户,很棒,,,,9,,,,,19489893,2026-09-14 21:53:06,262
龙谕酒庄,"通过大众点评消费
空气清新，景色宜人
2025-08出行｜游玩1-2小时",2025年8月16日,2025-08-16,活泼甜蜜咕噜蝌,超预期,,,,4,,,,,19489893,2026-09-14 21:53:18,263
龙谕酒庄,"通过大众点评消费
非常哇塞，值得一游！
2025-08出行",2025年8月16日,2025-08-16,灵活专业唧唧熊,超预期,,,,3,,,,,19489893,2026-09-14 21:53:23,264
龙谕酒庄,"张裕龙谕酒庄，欧式城堡超出片，酒窖藏酒有年份韵味，宁夏产好酒，名不虚传👍
2025-08出行",2025年8月16日,2025-08-16,七夜乄雪,超预期,,,,3,,,,,19489893,2026-09-14 21:53:23,265
龙谕酒庄,"景色很美，适合打卡拍照，酒也很好喝，价格更合适。
2025-08出行｜游玩1-2小时",2025年8月16日,2025-08-16,李思轩的爸爸,超预期,,,,1,,,,,19489893,2026-09-14 21:53:30,266
龙谕酒庄,"无意间打卡龙谕酒庄，环境优美，还有红酒可以品鉴，非常不错，值得推荐！
2025-08出行",2025年8月16日,2025-08-16,轩妈,超预期,,,,4,,,打卡后评价,,19489893,2026-09-14 21:53:35,267
龙谕酒庄,"通过大众点评消费
环境优美，独与周到
2025-08出行",2025年8月16日,2025-08-16,一月,超预期,,,,3,,,,,19489893,2026-09-14 21:53:35,268
龙谕酒庄,"通过大众点评消费
环境舒适，景色好美",2025年8月16日,2025-08-16,飞跃吧小锦鲤,很棒,,,,1,,,,,19489893,2026-09-14 21:53:42,269
龙谕酒庄,"通过大众点评消费
环境很棒，特别适合夏天避暑，家庭旅游
2025-08出行",2025年8月16日,2025-08-16,Captain,超预期,,,,3,,,,,19489893,2026-09-14 21:53:42,270
龙谕酒庄,一进酒庄，氛围感很不错，古堡给人一种神秘的感觉！,2025年8月16日,2025-08-16,ForgetHer_1853,超预期,,,,2,,,,,19489893,2026-09-14 21:53:47,271
龙谕酒庄,再次来到张裕龙谕酒庄，导游小姐姐非常专业，再次见证到张裕的实力，不愧为中国葡萄酒发祥地张裕出品,2025年8月15日,2025-08-15,侍酒师华哥,超预期,,,,0,,,打卡后评价,,19489893,2026-09-14 21:53:47,272
龙谕酒庄,"一次愉快的参观游玩龙谕酒庄景点真不错,这里的葡萄基地,酒葡萄清香又甜,酒窖与展览馆特别不错。为宁夏龙谕旅游景点杠杠滴点赞👍🏻让我真的好喜欢这里的美景,明年一定在来参观游玩👍🏻👍🏻👍🏻
2025-08出行｜游玩1天｜家庭亲子",2025年8月15日,2025-08-15,胡同里的金丝猫,超预期,,,,6,,,打卡后评价,,19489893,2026-09-14 21:53:52,273
龙谕酒庄,服务热情，讲解详细，很值得参观,2025年8月15日,2025-08-15,李平,超预期,,,,0,,,,,19489893,2026-09-14 21:54:03,274
龙谕酒庄,品了两种，超棒，喜欢喝白葡萄酒[玫瑰]，好喝,2025年8月15日,2025-08-15,礼贤活泼的小乐,超预期,,,,0,,,,,19489893,2026-09-14 21:54:03,275
龙谕酒庄,"今天去到龙谕酒庄，真是值得推荐的地方，环境很好，离市区很近，有种到国外旅游的感觉，建筑很漂亮，欧式城堡给人很震撼的感觉，讲解员细致的介绍了酒庄的历史，悠久很有年代，酿酒也特别好喝有很浓郁的果香果然是富有盛名的名酒。品酒，观赏，休闲于一体，是银川附近难得好地方。
2025-08出行｜游玩5-6小时｜家庭亲子",2025年8月15日,2025-08-15,善信轻快的小穆,超预期,,,,1,,,打卡后评价,,19489893,2026-09-14 21:54:09,276
龙谕酒庄,"非常好的体验，很值得！这次和朋友慕名而来，酒庄建设漂亮，工艺也很成熟，体验非常好，给我们品酒讲解的女士很热心耐心，知识也很丰富。了解了宁夏葡萄酒的底蕴，很值得
2025-08出行",2025年8月14日,2025-08-14,鐘樂三問-X,超预期,,,,2,,,,,19489893,2026-09-14 21:54:09,277
龙谕酒庄,非常好值得一游，性价比高。,2025年8月14日,2025-08-14,咫尺天涯_596463,超预期,,,,3,,,打卡后评价,,19489893,2026-09-14 21:54:15,278
龙谕酒庄,"酒庄非常好看，值得参观，张裕的酒也非常好。
2025-08出行",2025年8月14日,2025-08-14,诚实英俊呼噜蜂,超预期,,,,2,,,打卡后评价,,19489893,2026-09-14 21:54:15,279
龙谕酒庄,"很适合拍照，喜欢这里的建筑风格，张裕历史悠久，很值得了解
2025-08出行",2025年8月13日,2025-08-13,xzen_7761,超预期,,,,1,,,,,19489893,2026-09-14 21:54:21,280
龙谕酒庄,"还比较喜欢品酒区的甜白葡萄酒
2025-08出行",2025年8月13日,2025-08-13,轻灵豁达咕咕鹰,超预期,,,,1,,,,,19489893,2026-09-14 21:54:27,281
龙谕酒庄,"今天来到了，张裕旗下的龙谕酒庄，这里的风景非常好，这里的城堡是欧式风格，在这里品了两款酒，品质非常好，在这里参观可以学习葡萄酒的文化，值得一来。
2025-08出行",2025年8月13日,2025-08-13,王者,超预期,,,,0,,,打卡后评价,,19489893,2026-09-14 21:54:27,282
龙谕酒庄,龙谕酒庄是张裕旗下的一个酒庄，这里的城堡是欧式风格，风景很美，值得参观，酒也非常好，是游客参观的好地方？,2025年8月13日,2025-08-13,金色耳朵的深橙色鹦鹉,超预期,,,,3,,,打卡后评价,,19489893,2026-09-14 21:54:33,283
龙谕酒庄,"酒庄里既有供游客参观的葡萄酒灌装生产线，以及储存葡萄酒的酒窖，还有展示张裕葡萄酒的展厅。酒庄的周边是大片的葡萄种植园，是值得一看的旅游景点。这正是：酒庄桶装窖藏，淡淡独特芳香。
游玩1-2小时",2025年8月13日,2025-08-13,spring,超预期,,,,4,,,打卡后评价,,19489893,2026-09-14 21:54:39,284
龙谕酒庄,宁夏少有的欧式城堡🏰拍照打卡的绝佳圣地[得意]随手一拍都出片！还是很推荐大家来打卡的哦。酒庄讲解的小姐姐也很有耐心👍🏻在品酒区还可以免费品鉴两款不同风格的葡萄酒🍷,2025年8月12日,2025-08-12,Yan柒柒,很棒,,,,5,,,打卡后评价,,19489893,2026-09-14 21:54:45,285
龙谕酒庄,"¥80
和闺蜜打卡龙谕酒庄太值了！城堡🏰葡萄园🍃超出片，随便拍都是法式电影感🎬～ 酒窖一下去扑面而来的香气，灯光超有氛围感，二楼把葡萄酒文化历史讲得明明白白，我们这种葡萄酒小白也能get到乐趣。品的甜白葡萄酒非常好喝，适合跟闺蜜聚会的时候品尝。
2025-08出行｜游玩1-2小时｜朋友出游",2025年8月12日,2025-08-12,蓝色耳朵的烟灰色鸽子,超预期,,,,2,,,打卡后评价,,19489893,2026-09-14 21:54:51,286
龙谕酒庄,龙谕酒庄，从南大门进入，首先映入眼帘的是一座亭亭玉立的大城堡，周围是绿油油的大树和葡萄树，真是给人一种景色宜人的感觉。导游女士的讲解，很流畅和清晰，展厅里的照片美轮美奂，好多外地的游客品尝完美酒后，赞不绝口，这个季节还能品尝到酒庄的有机葡萄，还能遇到拍婚纱照的新婚情侣，更能体会到他们的幸福甜蜜，这是一个很值得推荐的好地方。,2025年8月12日,2025-08-12,drq,超预期,,,,3,,,打卡后评价,,19489893,2026-09-14 21:54:51,287
龙谕酒庄,"龙谕酒庄是一个很大的具有欧式风格的城堡。进入其中有种穿越的国外的感觉，拍照片尤其适合，每张照片都像是国外的感觉，真的很美，观赏里面的展厅还能增长阅历和葡萄酒的知识，还在游览结束后能够品尝到酿出来的葡萄酒，也是醇香满口，回味无穷的。是银川很值得推荐的旅游打卡胜地。
2025-01出行｜游玩3-4小时｜陪同父母",2025年8月12日,2025-08-12,诚,超预期,,,,3,,,打卡后评价,,19489893,2026-09-14 21:55:03,288
龙谕酒庄,"整体风格很喜欢，很多角落都可以拍照，暖心的服务，🉐到家人的一致好评，很nice的体验，下次再来。
游玩3-4小时｜家庭亲子",2025年8月12日,2025-08-12,晴晴微风拾光,超预期,,,,2,,,打卡后评价,,19489893,2026-09-14 21:55:09,289
龙谕酒庄,虽然有名，但是体验感并不好。首先，要收门票，而且讲解还需另外付费。进入城堡看到的全是企业文化，相当于花钱欣赏人家的企业文化去了。最后有葡萄酒的品鉴，可惜我不懂酒，说不出个一二三。我对网红城堡也没什么感觉，天使喷泉也是没有水。,2025年8月11日,2025-08-11,园丁香香,一般,,,,0,,,,,19489893,2026-09-14 21:55:09,290
龙谕酒庄,"¥80
宁夏独有的欧式古堡酒庄建筑，还是拍婚纱照发现的这里，真的很赞！光影餐厅真的超赞
2025-08出行｜游玩1-2小时｜朋友出游",2025年8月11日,2025-08-11,美丽真诚嘎咚蟹,超预期,,,,1,,,打卡后评价,,19489893,2026-09-14 21:55:15,291
龙谕酒庄,"通过大众点评消费
酒庄很美很出片，看了整个酒窖、酒庄发展史，很棒的体验。品鉴的酒很好，尤其是那款白葡，太适合女生了，香气和口感都很棒。买了一瓶回家。推荐来。
2025-08出行",2025年8月10日,2025-08-10,彩虹星星棒棒糖小姐姐,超预期,,,,3,,,,,19489893,2026-09-14 21:55:15,292
龙谕酒庄,"¥80
这次龙谕酒庄的参观体验太棒了！酒庄环境绝美，葡萄园一望无际，建筑充满艺术感。讲解员专业又热情，详细讲解了葡萄酒历史，还带我们参观了橡木桶酒窖，尝了几款经典葡萄酒，口感醇厚，回味悠长。服务贴心，全程无推销，最后还买了纪念酒，包装精美。强烈推荐给爱酒人士，绝对值得一来！
游玩1-2小时｜家庭亲子",2025年8月9日,2025-08-09,清新清幽呼呼牛,超预期,,,,3,,,,,19489893,2026-09-14 21:55:21,293
龙谕酒庄,"¥80
这次打卡宁夏银川龙谕酒庄太值了！酒庄建筑大气又充满设计感，葡萄园绿意盎然超治愈。跟着专业讲解员深入了解葡萄酒酿造过程，学到超多知识。品鉴环节中，每款酒都风味独特，龙谕系列更是惊艳。服务贴心周到，体验感拉满，绝对是葡萄酒爱好者必去之地！
游玩1-2小时｜情侣夫妻",2025年8月8日,2025-08-08,雄美智慧的小刚,超预期,,,,3,,,,,19489893,2026-09-14 21:55:33,294
龙谕酒庄,"就毫无任何体验感 突然大雨临时想着去酒庄 先去了附近的源石酒庄因为天气原因当天不开放 但门口有很正规的接待人员解释 然后来了这里 除了门口售票接待处和最后品酒有人全程空无一人且无趣 如果走马观花十分钟可以走完 
当然也归结于我们也没有额外花钱找讲解 但真的太无趣了 门票就是最后送两小瓶白兰地 整个完美宁夏之旅的唯一败笔 唯一优点是在大雨倾盆下往里走时 那个镜头感真的不错
私以为对于酒庄这类 不说有会所的服务 也得有点仪式感比较好 至少服务要正式 这家酒庄就像我今天去私房菜馆 可服务员就是正常饭店的那种日常随意 当然就不会有二次消费的念头也不会有任何体验感了
收起
2025-08出行",2025年8月4日,2025-08-04,饿货给你一个士力架,一般,,,,3,,,打卡后评价,,19489893,2026-09-14 21:55:40,295
龙谕酒庄,"¥80
龙谕酒庄其实石张裕葡萄酒集团旗下的，葡萄酒品质确实是很不错，但是客服体验来说并没有达到所谓的AAAA旅游景区的标准，客服态度都很傲慢，这是同是服务行业的我所遗憾的，这个酒庄可能更多的像是一个储藏酒的酒库和培训葡萄酒知识的基地，真正的种植酿酒基地还是在贺兰山那边，这边是在六盘山的一个大马路上。参观需要买门票，门票只限定两款指定品酒还赠送一个白兰地小板酒，体验感很局限和呆板了，远不如其他酒庄的套餐来的灵活。
收起
2025-07出行｜游玩1-2小时｜单独旅行",2025年7月28日,2025-07-28,cynthiasnowy,一般,,,,3,,,打卡后评价,,19489893,2026-09-14 21:55:57,296
龙谕酒庄,解锁两款超爱的酒！这里环境绝美，随手一拍都是大片质感，真心安利给喜欢小酌和拍照的朋友们！,2025年7月20日,2025-07-20,芦笋腊香菜,很棒,,,,4,,,,,19489893,2026-09-14 21:56:09,297
龙谕酒庄,"在葡萄园参观了一圈，酒庄很大城堡很漂亮，试了两款酒，都很好喝啊！[愉快][愉快]
2025-07出行",2025年7月14日,2025-07-14,paiwjp,超预期,,,,0,,,,,19489893,2026-09-14 21:56:09,298
龙谕酒庄,"品过世界，更爱中国，酒庄景色很美，品酒服务也很热情，当然酒也很美味，大家可以都来参观。
2025-07出行",2025年7月14日,2025-07-14,雄智谦虚的小洋,超预期,,,,3,,,,,19489893,2026-09-14 21:56:16,299
龙谕酒庄,"工作人员的态度很好，品的酒也很不错，是一段很不错的旅游经历，欢迎大家来玩
2025-07出行",2025年7月14日,2025-07-14,点小评9296592397,超预期,,,,3,,,,,19489893,2026-09-14 21:56:16,300
